ch_name,co2e_value,co2e_unit,amount,declared_unit,lifecycle_boundary,checked_date_range
"電力碳足跡(2019)",6.01E-1,kgCO₂e,1,度(kwh),搖籃到大門,2019/01/01～2019/12/31
"電力間接碳足跡(2019)",9.23E-2,kgCO₂e,1,度(kwh),搖籃到大門,2019/01/01～2019/12/31
"液化石油氣(未燃燒，2019)",4.67E-1,kgCO₂e,1,公升(L),搖籃到大門,2019/01/01～2019/12/31
"柴油（於水路運輸移動源使用，2019）",3.36E+0,kgCO₂e,1,公升(L),搖籃到大門,2019/01/01～2019/12/31
"煤油使用(2019)",2.98E+0,kgCO₂e,1,公升(L),搖籃到大門,2019/01/01～2019/12/31
"燃料油使用(蒸餘油/重油使用，2019)",3.95E+0,kgCO₂e,1,公升(L),搖籃到大門,2019/01/01～2019/12/31
"煤油(未燃燒，2019)",4.13E-1,kgCO₂e,1,公升(L),搖籃到大門,2019/01/01～2019/12/31
"柴油（於捕撈移動源使用，2019）",3.36E+0,kgCO₂e,1,公升(L),搖籃到大門,2019/01/01～2019/12/31
"燃料油未燃燒(蒸餘油/重油未燃燒，2019)",8.32E-1,kgCO₂e,1,公升(L),搖籃到大門,2019/01/01～2019/12/31
"柴油(未燃燒，2019)",7.33E-1,kgCO₂e,1,公升(L),搖籃到大門,2019/01/01～2019/12/31
"車用汽油(未燃燒，2019)",6.60E-1,kgCO₂e,1,公升(L),搖籃到大門,2019/01/01～2019/12/31
"柴油(於固定源使用，2019)",3.35E+0,kgCO₂e,1,公升(L),搖籃到大門,2019/01/01～2019/12/31
"車用汽油(於固定源使用，2019)",2.93E+0,kgCO₂e,1,公升(L),搖籃到大門,2019/01/01～2019/12/31
"潤滑油(未燃燒，2019)",1.02E+0,kgCO₂e,1,公斤(kg),搖籃到大門,2019/01/01～2019/12/31
"車用汽油(於移動源使用，2019)",3.02E+0,kgCO₂e,1,公升(L),搖籃到大門,2019/01/01～2019/12/31
"天然氣(於固定源使用，2019)",2.56E+0,kgCO₂e,1,立方公尺(m3),搖籃到大門,2019/01/01～2019/12/31
"柴油(於公路運輸移動源使用，2019)",3.38E+0,kgCO₂e,1,公升(L),搖籃到大門,2019/01/01～2019/12/31
"聚氯乙烯",3.02E+0,kgCO₂e,1,公斤(kg),搖籃到大門,2019/01/01～2019/12/31
"天然氣(未燃燒，2019)",4.51E-1,kgCO₂e,1,立方公尺(m3),搖籃到大門,2019/01/01～2019/12/31
"柴油（於鐵路運輸與非道路運輸移動源使用，2019）",3.61E+0,kgCO₂e,1,公升(L),搖籃到大門,2019/01/01～2019/12/31
"聚醯胺絲",9.31E+0,kgCO₂e,1,公斤(kg),搖籃到大門,2019/01/01～2019/12/31
"液化石油氣(於固定源使用，2019)",2.22E+0,kgCO₂e,1,公升(L),搖籃到大門,2019/01/01～2019/12/31
"精鹽（食用鹽）",6.88E-2,kgCO₂e,1,公斤(kg),搖籃到大門,2019/01/01～2019/12/31
"氫氧化鈣(熟石灰)",1.59E+0,kgCO₂e,1,公斤(kg),搖籃到大門,2019/01/01～2019/12/31
"電力碳足跡(2018)",6.42E-1,kgCO₂e,1,度(kwh),搖籃到大門,2018/01/01～2018/12/31
"電力間接碳足跡(2018)",1.09E-1,kgCO₂e,1,度(kwh),搖籃到大門,2018/01/01～2018/12/31
"燃料油使用(蒸餘油/重油使用，2018)",3.94E+0,kgCO₂e,1,公升(L),搖籃到大門,2018/01/01～2018/12/31
"燃料油未燃燒(蒸餘油/重油未燃燒，2018)",8.22E-1,kgCO₂e,1,公升(L),搖籃到大門,2018/01/01～2018/12/31
"柴油(未燃燒，2018)",7.24E-1,kgCO₂e,1,公升(L),搖籃到大門,2018/01/01～2018/12/31
"柴油(於固定源使用，2018)",3.34E+0,kgCO₂e,1,公升(L),搖籃到大門,2018/01/01～2018/12/31
"柴油(於公路運輸移動源使用，2018)",3.37E+0,kgCO₂e,1,公升(L),搖籃到大門,2018/01/01～2018/12/31
"柴油（於鐵路運輸與非道路運輸移動源使用，2018）",3.60E+0,kgCO₂e,1,公升(L),搖籃到大門,2018/01/01～2018/12/31
"柴油（於水路運輸移動源使用，2018）",3.36E+0,kgCO₂e,1,公升(L),搖籃到大門,2018/01/01～2018/12/31
"柴油（於捕撈移動源使用，2018）",3.35E+0,kgCO₂e,1,公升(L),搖籃到大門,2018/01/01～2018/12/31
"車用汽油(未燃燒，2018)",6.50E-1,kgCO₂e,1,公升(L),搖籃到大門,2018/01/01～2018/12/31
"車用汽油(於固定源使用，2018)",2.92E+0,kgCO₂e,1,公升(L),搖籃到大門,2018/01/01～2018/12/31
"車用汽油(於移動源使用，2018)",3.01E+0,kgCO₂e,1,公升(L),搖籃到大門,2018/01/01～2018/12/31
"天然氣(於固定源使用，2018)",2.58E+0,kgCO₂e,1,立方公尺(m3),搖籃到大門,2018/01/01～2018/12/31
"天然氣(未燃燒，2018)",4.69E-1,kgCO₂e,1,立方公尺(m3),搖籃到大門,2018/01/01～2018/12/31
"液化石油氣(於固定源使用，2018)",2.25E+0,kgCO₂e,1,公升(L),搖籃到大門,2018/01/01～2018/12/31
"液化石油氣(未燃燒，2018)",4.91E-1,kgCO₂e,1,公升(L),搖籃到大門,2018/01/01～2018/12/31
"煤油使用(2018)",2.97E+0,kgCO₂e,1,公升(L),搖籃到大門,2018/01/01～2018/12/31
"煤油(未燃燒，2018)",4.03E-1,kgCO₂e,1,公升(L),搖籃到大門,2018/01/01～2018/12/31
"潤滑油(未燃燒，2018)",1.02E+0,kgCO₂e,1,公斤(kg),搖籃到大門,2018/01/01～2018/12/31
"線性低密度聚乙烯(LLDPE)",2.02E+0,kgCO₂e,1,公斤(kg),搖籃到大門,2018/01/01～2018/12/31
"甲基丙烯酸甲酯",3.99E+0,kgCO₂e,1,公斤(kg),搖籃到大門,2018/01/01～2018/12/31
"有害事業廢棄物固化處理服務",1.30E+2,kgCO₂e,1,公噸(mt),搖籃到大門,2018/01/01～2018/12/31
"廢溶劑蒸餾回收處理服務",2.12E-1,kgCO₂e,1,公斤(kg),搖籃到大門,2018/01/01～2018/12/31
"耐衝擊聚苯乙烯(HIPS)",2.55E+0,kgCO₂e,1,公斤(kg),搖籃到大門,2018/01/01～2018/12/31
"氯氣",1.36E+0,kgCO₂e,1,公斤(kg),搖籃到大門,2018/01/01～2018/12/31
"發泡聚苯乙烯",2.31E+0,kgCO₂e,1,公斤(kg),搖籃到大門,2018/01/01～2018/12/31
"聚丙烯腈棉",4.36E+0,kgCO₂e,1,公斤(kg),搖籃到大門,2018/01/01～2018/12/31
"聚酯粒",4.09E+0,kgCO₂e,1,公斤(kg),搖籃到大門,2018/01/01～2018/12/31
"聚酯棉",4.45E+0,kgCO₂e,1,公斤(kg),搖籃到大門,2018/01/01～2018/12/31
"精華霜",5.50E-1,kgCO₂e,1,罐,搖籃到墳墓,2017/09/01～2019/01/31
"海苔",7.50E-2,kgCO₂e,1,包,搖籃到墳墓,2018/01/01～2018/12/31
"廢棄物焚化處理服務(岡山垃圾焚化廠)",3.60E+2,kgCO₂e,1,公噸(mt),搖籃到墳墓,2018/01/01～2018/12/31
"溫度米(台梗16號)",3.00E+0,kgCO₂e,1,包,搖籃到墳墓,2018/06/01～2019/05/31
"麥芽調味乳",3.31E+0,kgCO₂e,1,公升(L),搖籃到大門,2018/06/01～2019/05/31
"優格",4.33E+0,kgCO₂e,1,公斤(kg),搖籃到大門,2018/06/01～2019/05/31
"單結晶矽電池太陽光電模組(72片6吋)",4.65E+2,kgCO₂e,1,片,搖籃到大門,2018/08/01～2019/04/30
"多結晶矽電池太陽光電模組(72片6吋)",3.36E+2,kgCO₂e,1,片,搖籃到大門,2018/08/01～2019/04/30
"高壓透水混凝土地磚(20cm*10cm*6cm)",5.30E-1,kgCO₂e,1,片,搖籃到墳墓,2018/04/01～2018/09/30
"高壓透水混凝土地磚(20cm*20cm*6cm)",1.06E+0,kgCO₂e,1,片,搖籃到墳墓,2018/04/01～2018/09/30
"高壓透水混凝土地磚(30cm*30cm*6cm)",2.38E+0,kgCO₂e,1,片,搖籃到墳墓,2018/04/01～2018/09/30
"再生高壓透水混凝土地磚(20cm*10cm*6cm)",5.90E-1,kgCO₂e,1,片,搖籃到墳墓,2018/04/01～2018/09/30
"再生高壓透水混凝土地磚(20cm*20cm*6cm)",1.18E+0,kgCO₂e,1,片,搖籃到墳墓,2018/04/01～2018/09/30
"再生高壓透水混凝土地磚(30cm*30cm*6cm)",2.65E+0,kgCO₂e,1,片,搖籃到墳墓,2018/04/01～2018/09/30
"包裝飲用水(600ml，PET包裝)",1.21E-1,kgCO₂e,1,瓶,搖籃到墳墓,2018/01/01～2018/12/31
"包裝飲用水(1460ml，PET包裝)",2.53E-1,kgCO₂e,1,瓶,搖籃到墳墓,2018/01/01～2018/12/31
"黑咖啡",3.04E-1,kgCO₂e,1,杯,搖籃到墳墓,2019/01/01～2019/12/31
"卜特蘭水泥(Ⅱ型)",9.81E-1,kgCO₂e,1,公斤(kg),搖籃到大門,2014/01/01～2016/12/31
"鋼筋混凝土用鋼筋(SD280W)",8.35E-1,kgCO₂e,1,公斤(kg),搖籃到大門,2014/01/01～2014/12/31
"鋼筋混凝土用鋼筋(SD420W)",8.34E-1,kgCO₂e,1,公斤(kg),搖籃到大門,2014/01/01～2014/12/31
"預拌混凝土(140kgf/cm2)",2.00E+2,kgCO₂e,1,立方公尺(m3),搖籃到大門,2016/07/01～2017/06/30
"預拌混凝土(175kgf/cm2)",2.24E+2,kgCO₂e,1,立方公尺(m3),搖籃到大門,2016/07/01～2017/06/30
"預拌混凝土(210kgf/cm2)",2.38E+2,kgCO₂e,1,立方公尺(m3),搖籃到大門,2016/07/01～2017/06/30
"預拌水中混凝土(210kgf/cm2)",3.46E+2,kgCO₂e,1,立方公尺(m3),搖籃到大門,2016/07/01～2017/06/30
"預拌混凝土(245kgf/cm2)",2.52E+2,kgCO₂e,1,立方公尺(m3),搖籃到大門,2016/07/01～2017/06/30
"預拌混凝土(280kgf/cm2)",3.38E+2,kgCO₂e,1,立方公尺(m3),搖籃到大門,2016/07/01～2017/06/30
"自充填預拌混凝土(350kgf/cm2)",3.75E+2,kgCO₂e,1,立方公尺(m3),搖籃到大門,2016/07/01～2017/06/30
"預力梁用預拌混凝土(350kgf/cm2)",4.07E+2,kgCO₂e,1,立方公尺(m3),搖籃到大門,2016/07/01～2017/06/30
"早強預拌混凝土(420kgf/cm2)",3.70E+2,kgCO₂e,1,立方公尺(m3),搖籃到大門,2016/07/01～2017/06/30
"密級配瀝青混凝土(混和料比例2.9％)",1.29E-1,kgCO₂e,1,公斤(kg),搖籃到大門,2018/01/01～2018/04/30
"粗級配瀝青混凝土(混和料比例2.9％)",1.29E-1,kgCO₂e,1,公斤(kg),搖籃到大門,2018/01/01～2018/04/30
"多孔隙瀝青混凝土(混和料比例3.3％)",1.34E-1,kgCO₂e,1,公斤(kg),搖籃到大門,2018/01/01～2018/04/30
"郵局郵件遞送服務",2.05E-1,kgCO₂e,1,公克(g),搖籃到墳墓,2018/01/01～2018/12/31
"廢(污)水處理服務(羅東地區水資源回收中心)",3.40E-1,kgCO₂e,1,立方公尺(m3),搖籃到墳墓,2018/01/01～2018/12/31
"廢(污)水處理服務(科技部新竹科學工業園區管理局竹南園區污水處理廠)",5.53E-1,kgCO₂e,1,立方公尺(m3),搖籃到墳墓,2018/01/01～2018/12/31
"廢(污)水處理服務(科技部南部科學園區高雄園區污水處理廠)",3.00E-1,kgCO₂e,1,立方公尺(m3),搖籃到墳墓,2017/01/01～2017/12/31
"環保抽取式擦手紙巾",7.39E-1,kgCO₂e,1,包,搖籃到墳墓,2018/01/01～2018/12/31
"抽取式衛生紙",4.02E-1,kgCO₂e,1,包,搖籃到墳墓,2018/01/01～2018/12/31
"環保抽取式衛生紙",2.79E-1,kgCO₂e,1,包,搖籃到墳墓,2018/01/01～2018/12/31
"信用卡",8.73E-1,kgCO₂e,1,張,搖籃到墳墓,2014/01/01～2017/12/31
"OPP膠帶(0.04mm*48mm*35M)",5.20E-1,kgCO₂e,1,卷,搖籃到墳墓,2017/01/01～2017/12/31
"PVC膠帶(0.17mm*48mm*12M)",7.80E-1,kgCO₂e,1,卷,搖籃到墳墓,2017/01/01～2017/12/31
"OPP膠帶(0.043mm*48mm*80M)",9.70E-1,kgCO₂e,1,卷,搖籃到墳墓,2017/01/01～2017/12/31
"PVC膠帶(0.13mm*18mm*16M)",2.80E-1,kgCO₂e,1,卷,搖籃到墳墓,2017/01/01～2017/12/31
"人身保險服務",8.05E+0,kgCO₂e,1,件,搖籃到墳墓,2017/01/01～2017/12/31
"洗潔精(965ml)",1.32E+0,kgCO₂e,1,瓶,搖籃到墳墓,2018/01/01～2018/12/31
"洗潔精(4830ml)",5.94E+0,kgCO₂e,1,瓶,搖籃到墳墓,2018/01/01～2018/12/31
"銀行臨櫃服務",1.41E+0,kgCO₂e,1,每服務人次,搖籃到墳墓,2016/01/01～2016/12/31
"鳳梨酥",1.94E-1,kgCO₂e,1,顆,搖籃到墳墓,2018/01/01～2018/12/31
"棉花(未粗疏或精梳)",1.47E+0,kgCO₂e,1,公斤(kg),搖籃到大門,～
"住宿服務（二人房）",3.00E+1,kgCO₂e,1,每房-每天,搖籃到墳墓,2016/04/01～2017/03/31
"洗髮精（1000ml）",2.10E+1,kgCO₂e,1,瓶,搖籃到墳墓,2017/01/01～2017/12/31
"洗手乳（1000ml）",1.60E+0,kgCO₂e,1,瓶,搖籃到墳墓,2017/07/01～2018/06/30
"煙燻素火腿",1.90E+0,kgCO₂e,1,條,搖籃到墳墓,2017/06/01～2018/05/31
"猴頭菇素火腿",2.00E+0,kgCO₂e,1,條,搖籃到墳墓,2017/06/01～2018/05/31
"素火腿",1.80E+0,kgCO₂e,1,條,搖籃到墳墓,2017/06/01～2018/05/31
"良質米（高雄139號品種）",6.00E+0,kgCO₂e,1,包,搖籃到墳墓,2016/08/01～2017/07/31
"百貨零售服務",3.50E-2,kgCO₂e,1,每平方米˙每小時,搖籃到墳墓,2017/01/01～2017/12/31
"茶葉蛋",2.40E+0,kgCO₂e,1,包,搖籃到墳墓,2017/01/01～2017/12/31
"鮮蛋",1.05E-1,kgCO₂e,1,顆,搖籃到墳墓,2017/01/01～2017/12/31
"大豆沙拉油（0.6L）",1.00E+0,kgCO₂e,1,瓶,搖籃到墳墓,2017/01/01～2017/12/31
"大豆沙拉油（1L）",1.70E+0,kgCO₂e,1,瓶,搖籃到墳墓,2017/01/01～2017/12/31
"大豆沙拉油（2L）",3.40E+0,kgCO₂e,1,瓶,搖籃到墳墓,2017/01/01～2017/12/31
"大豆沙拉油（2.6L）",4.50E+0,kgCO₂e,1,瓶,搖籃到墳墓,2017/01/01～2017/12/31
"大豆沙拉油（3L）",5.00E+0,kgCO₂e,1,瓶,搖籃到墳墓,2017/01/01～2017/12/31
"大豆沙拉油（18L）",3.00E+1,kgCO₂e,1,桶,搖籃到墳墓,2017/01/01～2017/12/31
"大豆沙拉油（19.56L）",3.20E+1,kgCO₂e,1,桶,搖籃到墳墓,2017/01/01～2017/12/31
"烤酥油（2L）",3.40E+0,kgCO₂e,1,瓶,搖籃到墳墓,2017/01/01～2017/12/31
"烤酥油（18L）",3.00E+1,kgCO₂e,1,桶,搖籃到墳墓,2017/01/01～2017/12/31
"瓶裝水（330ml，PET包裝）",1.50E-1,kgCO₂e,1,瓶,搖籃到墳墓,2016/01/01～2016/12/31
"瓶裝水（600ml，PET包裝）",1.40E-1,kgCO₂e,1,瓶,搖籃到墳墓,2016/01/01～2016/12/31
"瓶裝水（1500ml，PET包裝）",2.70E-1,kgCO₂e,1,瓶,搖籃到墳墓,2016/01/01～2016/12/31
"電力碳足跡(2017)",6.94E-1,kgCO₂e,1,度(kwh),搖籃到大門,2017/01/01～2017/12/31
"燃料油使用(蒸餘油/重油使用，2017)",3.96E+0,kgCO₂e,1,公升(L),搖籃到大門,2017/01/01～2017/12/31
"車用汽油(未燃燒，2017)",6.58E-1,kgCO₂e,1,公升(L),搖籃到大門,2017/01/01～2017/12/31
"柴油(未燃燒，2017)",7.35E-1,kgCO₂e,1,公升(L),搖籃到大門,2017/01/01～2017/12/31
"柴油(於固定源使用，2017)",3.35E+0,kgCO₂e,1,公升(L),搖籃到大門,2017/01/01～2017/12/31
"柴油(於公路運輸移動源使用，2017)",3.38E+0,kgCO₂e,1,公升(L),搖籃到大門,2017/01/01～2017/12/31
"柴油（於鐵路運輸與非道路運輸移動源使用，2017）",3.61E+0,kgCO₂e,1,公升(L),搖籃到大門,2017/01/01～2017/12/31
"柴油（於水路運輸移動源使用，2017）",3.37E+0,kgCO₂e,1,公升(L),搖籃到大門,2017/01/01～2017/12/31
"柴油（於捕撈移動源使用，2017）",3.36E+0,kgCO₂e,1,公升(L),搖籃到大門,2017/01/01～2017/12/31
"強化玻璃",1.75E+0,kgCO₂e,1,公斤(kg),搖籃到大門,2017/01/01～2017/12/31
"壓克力樹脂",2.29E+0,kgCO₂e,1,公斤(kg),搖籃到大門,2016/01/01～2016/12/31
"PLA蛋盤(10盒裝)",4.78E+0,kgCO₂e,1,公斤(kg),搖籃到大門,2017/01/01～2017/12/31
"寶特瓶瓶身",4.32E+0,kgCO₂e,1,公斤(kg),搖籃到大門,2017/01/01～2017/12/31
"PE瓶蓋",1.50E+1,kgCO₂e,1,公斤(kg),搖籃到大門,2015/01/01～2015/12/31
"表面白紙板",3.20E-1,kgCO₂e,1,公斤(kg),搖籃到大門,2017/01/01～2017/12/31
"紙碗",1.91E+0,kgCO₂e,1,公斤(kg),搖籃到大門,2017/01/01～2017/12/31
"紙盤",1.89E+0,kgCO₂e,1,公斤(kg),搖籃到大門,2017/01/01～2017/12/31
"密級配瀝青混凝土(3”/4)",8.75E-2,kgCO₂e,1,公斤(kg),搖籃到大門,2015/09/17～2018/01/08
"密級配瀝青混凝土(1”/2)",8.34E-2,kgCO₂e,1,公斤(kg),搖籃到大門,2015/09/17～2016/02/28
"密級配瀝青混凝土(3”/4)",8.08E-2,kgCO₂e,1,公斤(kg),搖籃到大門,2015/09/17～2018/01/08
"粗級配瀝青混凝土(1”)",8.94E-2,kgCO₂e,1,公斤(kg),搖籃到大門,2015/09/17～2018/01/08
"粗級配瀝青混凝土(1”)",8.37E-2,kgCO₂e,1,公斤(kg),搖籃到大門,2015/09/17～2018/01/08
"卜特蘭水泥(Ⅱ型)",9.64E-1,kgCO₂e,1,公斤(kg),搖籃到大門,2014/01/01～2014/12/31
"控制性低強度回填材料(CLSM)",1.57E+2,kgCO₂e,1,立方公尺(m3),搖籃到大門,2017/07/01～2017/07/31
"輕質骨材混凝土(175kgf/cm2)",3.17E+2,kgCO₂e,1,立方公尺(m3),搖籃到大門,2017/07/01～2017/08/31
"預拌混凝土(140kgf/cm2)",2.17E+2,kgCO₂e,1,立方公尺(m3),搖籃到大門,2014/01/01～2017/08/31
"預拌混凝土(140kgf/cm2)",2.56E+2,kgCO₂e,1,立方公尺(m3),搖籃到大門,2014/01/01～2015/02/28
"預拌混凝土(210kgf/cm2)",2.56E+2,kgCO₂e,1,立方公尺(m3),搖籃到大門,2014/01/01～2017/08/31
"預拌混凝土(210kgf/cm2)",3.10E+2,kgCO₂e,310,立方公尺(m3),搖籃到大門,2014/01/01～2015/01/31
"水中混凝土(210kgf/cm2)",3.20E+2,kgCO₂e,1,立方公尺(m3),搖籃到大門,2014/01/01～2017/07/31
"水中混凝土(210kgf/cm2)",3.59E+2,kgCO₂e,1,立方公尺(m3),搖籃到大門,2013/01/01～2013/12/31
"預拌混凝土(245kgf/cm2)",2.82E+2,kgCO₂e,1,立方公尺(m3),搖籃到大門,2014/01/01～2017/08/31
"預拌混凝土(245kgf/cm2)",3.41E+2,kgCO₂e,1,立方公尺(m3),搖籃到大門,2014/01/01～2015/03/31
"自充填混凝土(280kgf/cm2)",3.35E+2,kgCO₂e,1,立方公尺(m3),搖籃到大門,2014/01/01～2016/06/30
"自充填混凝土(280kgf/cm2)",3.53E+2,kgCO₂e,1,立方公尺(m3),搖籃到大門,2014/01/01～2015/05/31
"預拌混凝土(280kgf/cm2)",3.06E+2,kgCO₂e,1,立方公尺(m3),搖籃到大門,2014/01/01～2016/10/31
"預拌混凝土(280kgf/cm2)",3.55E+2,kgCO₂e,1,立方公尺(m3),搖籃到大門,2014/01/01～2015/01/31
"自充填混凝土(350kgf/cm2)",3.67E+2,kgCO₂e,1,立方公尺(m3),搖籃到大門,2014/01/01～2017/02/28
"自充填混凝土(350kgf/cm2)",3.93E+2,kgCO₂e,1,立方公尺(m3),搖籃到大門,2014/01/01～2015/08/31
"自充填混凝土(350kgf/cm2)",4.30E+2,kgCO₂e,1,立方公尺(m3),搖籃到大門,2014/01/01～2014/06/30
"早強預拌混凝土(420kgf/cm2，飛灰爐石粉替代率22％)",4.64E+2,kgCO₂e,1,立方公尺(m3),搖籃到大門,2014/01/01～2016/11/30
"預拌混凝土(420kgf/cm2)",4.83E+2,kgCO₂e,1,立方公尺(m3),搖籃到大門,2014/01/01～2015/03/31
"車用汽油(於固定源使用，2017)",2.93E+0,kgCO₂e,1,公升(L),搖籃到大門,2017/01/01～2017/12/31
"無收縮混凝土(420kgf/cm2)",4.93E+2,kgCO₂e,1,立方公尺(m3),搖籃到大門,2016/12/01～2017/01/31
"粗級配瀝青混凝土(混和料比例0％)",7.77E-2,kgCO₂e,1,公斤(kg),搖籃到大門,2016/10/01～2017/02/28
"粗級配瀝青混凝土(混和料比例1.9％)",9.68E-2,kgCO₂e,1,公斤(kg),搖籃到大門,2015/01/01～2015/12/31
"粗級配瀝青混凝土(混和料比例2.4％)",1.01E-1,kgCO₂e,1,公斤(kg),搖籃到大門,2015/01/01～2015/12/31
"密級配瀝青混凝土(混和料比例0％)",7.70E-2,kgCO₂e,1,公斤(kg),搖籃到大門,2016/10/01～2017/02/28
"密級配瀝青混凝土(混和料比例1.4％)",9.24E-2,kgCO₂e,1,公斤(kg),搖籃到大門,2015/01/01～2015/12/31
"密級配瀝青混凝土(混和料比例1.9％)",9.68E-2,kgCO₂e,1,公斤(kg),搖籃到大門,2015/01/01～2015/12/31
"多孔隙瀝青混凝土",1.34E-1,kgCO₂e,1,公斤(kg),搖籃到大門,2016/10/01～2017/02/28
"預力鋼腱",2.85E+0,kgCO₂e,1,公斤(kg),搖籃到大門,2015/01/01～2015/12/31
"單結晶矽電池太陽光電模組(60片6吋)",4.18E+2,kgCO₂e,1,片,搖籃到大門,2017/05/01～2018/05/31
"多結晶矽電池太陽光電模組(60片6吋)",3.20E+2,kgCO₂e,1,片,搖籃到大門,2017/05/01～2018/05/31
"車用汽油(於移動源使用，2017)",3.02E+0,kgCO₂e,1,公升(L),搖籃到大門,2017/01/01～2017/12/31
"天然氣(於固定源使用，2017)",2.60E+0,kgCO₂e,1,立方公尺(m3),搖籃到大門,2017/01/01～2017/12/31
"液化石油氣(於固定源使用，2017)",2.25E+0,kgCO₂e,1,公升(L),搖籃到大門,2017/01/01～2017/12/31
"煤油使用(2017)",2.98E+0,kgCO₂e,1,公升(L),搖籃到大門,2017/01/01～2017/12/31
"潤滑油(未燃燒，2017)",1.05E+0,kgCO₂e,1,公斤(kg),搖籃到大門,2017/01/01～2017/12/31
"臺灣自來水(2017)",2.99E-1,kgCO₂e,1,立方公尺(m3),搖籃到大門,2017/01/01～2017/12/31
"ABS再生塑膠粒",5.70E-1,kgCO₂e,1,公斤(kg),搖籃到大門,2017/01/01～2017/12/31
"HIPS再生塑膠粒",5.31E-1,kgCO₂e,1,公斤(kg),搖籃到大門,2017/01/01～2017/12/31
"PP再生塑膠粒",5.24E-1,kgCO₂e,1,公斤(kg),搖籃到大門,2017/01/01～2017/12/31
"芝麻醬",1.96E+0,kgCO₂e,1,公斤(kg),搖籃到大門,2017/01/01～2017/12/31
"食用烤酥油",3.75E+0,kgCO₂e,1,公斤(kg),搖籃到大門,2017/01/01～2017/12/31
"瑪琪琳",3.07E+0,kgCO₂e,1,公斤(kg),搖籃到大門,2017/01/01～2017/12/31
"凝乳塊(未發酵)",1.24E+1,kgCO₂e,1,公斤(kg),搖籃到大門,2018/01/01～2018/09/30
"蔭油膏",1.01E+0,kgCO₂e,1,公斤(kg),搖籃到大門,2017/01/01～2017/12/31
"蔭豆豉",1.57E+0,kgCO₂e,1,公斤(kg),搖籃到大門,2017/01/01～2017/12/31
"密級配瀝青混凝土(1”/2)",9.36E-2,kgCO₂e,1,公斤(kg),搖籃到大門,2015/09/17～2016/02/28
"柴油(未燃燒，2016)",7.35E-1,kgCO₂e,1,公升(L),搖籃到大門,2016/01/01～2016/12/31
"柴油(於固定源使用，2016)",3.35E+0,kgCO₂e,1,公升(L),搖籃到大門,2016/01/01～2016/12/31
"環氧氯丙烷(丙烯氯化製程)",6.88E+0,kgCO₂e,1,公斤(kg),搖籃到大門,2016/01/01～2016/12/31
"環氧氯丙烷(醋酸丙烯酯製程)",8.04E+0,kgCO₂e,1,公斤(kg),搖籃到大門,2016/01/01～2016/12/31
"硫化鈉",2.33E+0,kgCO₂e,1,公斤(kg),搖籃到大門,～
"邏輯積體電路",7.32E+2,kgCO₂e,1,公斤(kg),搖籃到大門,～
"柴油(於公路運輸移動源使用，2016)",3.38E+0,kgCO₂e,1,公升(L),搖籃到大門,2016/01/01～2016/12/31
"記憶體積體電路",5.70E+2,kgCO₂e,1,公斤(kg),搖籃到大門,～
"電解電容",1.62E+1,kgCO₂e,1,公斤(kg),搖籃到大門,～
"積層陶瓷電容",3.34E+2,kgCO₂e,1,公斤(kg),搖籃到大門,～
"車用汽油(未燃燒，2016)",6.56E-1,kgCO₂e,1,公升(L),搖籃到大門,2016/01/01～2016/12/31
"貼片電容",1.01E+2,kgCO₂e,1,公斤(kg),搖籃到大門,～
"氯化鈣(索爾維製程)",1.00E+0,kgCO₂e,1,公斤(kg),搖籃到大門,～
"氯化鈣(氫氯化製程)",4.15E-1,kgCO₂e,1,公斤(kg),搖籃到大門,～
"亞硫酸鈉",1.83E+0,kgCO₂e,1,公斤(kg),搖籃到大門,～
"車用汽油(於固定源使用，2016)",2.93E+0,kgCO₂e,1,公升(L),搖籃到大門,2016/01/01～2016/12/31
"化學熱磨機械紙漿",1.59E+0,kgCO₂e,1,公斤(kg),搖籃到大門,～
"硝基苯",3.28E+0,kgCO₂e,1,公斤(kg),搖籃到大門,～
"環氧乙烷",2.89E+0,kgCO₂e,1,公斤(kg),搖籃到大門,～
"車用汽油(於移動源使用，2016)",3.01E+0,kgCO₂e,1,公升(L),搖籃到大門,2016/01/01～2016/12/31
"煤油使用(2016)",2.98E+0,kgCO₂e,1,公升(L),搖籃到大門,2016/01/01～2016/12/31
"天然氣(於固定源使用，2016)",2.60E+0,kgCO₂e,1,立方公尺(m3),搖籃到大門,2016/01/01～2016/12/31
"液化石油氣(於固定源使用，2016)",2.24E+0,kgCO₂e,1,公升(L),搖籃到大門,2016/01/01～2016/12/31
"氧化鐵粉",1.28E+0,kgCO₂e,1,公斤(kg),搖籃到大門,2016/01/01～2016/12/31
"碳酸鉀",1.44E+0,kgCO₂e,1,公斤(kg),搖籃到大門,2016/01/01～2016/12/31
"四氫呋喃(1,3-丁二烯製程)",2.47E+0,kgCO₂e,1,公斤(kg),搖籃到大門,2016/01/01～2016/12/31
"四氫呋喃(丁二醇製程)",3.42E+0,kgCO₂e,1,公斤(kg),搖籃到大門,2016/01/01～2016/12/31
"生牛皮(含養牛階段)",4.86E+0,kgCO₂e,1,公斤(kg),搖籃到大門,～
"生牛皮(不含養牛階段)",2.70E-1,kgCO₂e,1,公斤(kg),大門到大門,～
"水楊酸",2.37E+0,kgCO₂e,1,公斤(kg),搖籃到大門,～
"苯甲酸",1.84E+0,kgCO₂e,1,公斤(kg),搖籃到大門,～
"乙苯",2.37E+0,kgCO₂e,1,公斤(kg),搖籃到大門,～
"硫酸鈉",2.09E-1,kgCO₂e,1,公斤(kg),搖籃到大門,～
"氦氣",1.12E+0,kgCO₂e,1,公斤(kg),搖籃到大門,～
"甲酸鈉",2.26E+0,kgCO₂e,1,公斤(kg),搖籃到大門,～
"精製豬油",7.85E-1,kgCO₂e,1,公斤(kg),搖籃到大門,2016/01/01～2016/12/31
"精緻牛油",6.94E-1,kgCO₂e,1,公斤(kg),搖籃到大門,2016/01/01～2016/12/31
"花生油",1.95E+0,kgCO₂e,1,公斤(kg),搖籃到大門,2016/01/01～2016/12/31
"優酪乳",1.95E+0,kgCO₂e,1,公斤(kg),搖籃到大門,2016/01/01～2016/12/31
"住宿服務(二人房)",5.43E+1,kgCO₂e,1,每房-每天,搖籃到墳墓,2016/07/01～2017/06/30
"住宿服務(三人房)",5.72E+1,kgCO₂e,1,每房-每天,搖籃到墳墓,2016/07/01～2017/06/30
"住宿服務(四人房)",6.01E+1,kgCO₂e,1,每房-每天,搖籃到墳墓,2016/07/01～2017/06/30
"航空旅客運輸服務(松山-金門)",2.81E-1,kgCO₂e,1,延人公里(pkm),搖籃到墳墓,2016/01/01～2016/12/31
"全鋁質混凝土管（管徑300mm）",9.48E+1,kgCO₂e,1,公尺(m),搖籃到大門,2016/07/07～2017/01/14
"全鋁質混凝土管（管徑800mm）",1.99E+2,kgCO₂e,1,公尺(m),搖籃到大門,2016/07/07～2017/01/14
"鋁質水泥",1.01E+1,kgCO₂e,1,公斤(kg),搖籃到大門,2016/07/07～2017/01/14
"單結晶矽電池太陽光電模組（60片6吋）",4.13E+2,kgCO₂e,1,片,搖籃到大門,2017/05/01～2017/07/31
"單結晶矽電池太陽光電模組（96片5吋）",4.17E+2,kgCO₂e,1,片,搖籃到大門,2017/05/01～2017/07/31
"薄膜型太陽光電模組",4.07E+2,kgCO₂e,1,片,搖籃到大門,2016/10/03～2017/01/12
"以柴油動力垃圾車清除運輸一般廢棄物",1.31E+0,kgCO₂e,1,延噸公里(tkm),搖籃到大門,2016/01/01～2016/12/31
"客船服務（台東富岡-綠島）",1.16E+1,kgCO₂e,1,每人次,搖籃到墳墓,2017/06/01～2017/08/31
"烤番薯",6.56E-1,kgCO₂e,1,盒,搖籃到墳墓,2016/01/01～2016/12/31
"番薯冰烤兩吃",9.55E-2,kgCO₂e,1,包,搖籃到墳墓,2016/01/01～2016/12/31
"住宿服務（單/兩人房）",7.50E+1,kgCO₂e,1,每房-每天,搖籃到墳墓,2016/01/01～2016/12/31
"住宿服務（四人房）",9.00E+1,kgCO₂e,1,每房-每天,搖籃到墳墓,2016/01/01～2016/12/31
"雞蛋",1.62E-1,kgCO₂e,1,顆,搖籃到墳墓,2016/06/01～2017/05/31
"廢（污）水處理服務（中部科學工業園區台中園區污水處理廠）",4.50E-1,kgCO₂e,1,立方公尺(m3),搖籃到墳墓,2015/01/01～2015/12/31
"廢（污）水處理服務（高雄市楠梓污水處理廠）",4.00E-1,kgCO₂e,1,立方公尺(m3),搖籃到墳墓,2016/01/01～2016/12/31
"廢（污）水處理服務（中部科學工業園區管理局-虎尾園區）",1.70E+0,kgCO₂e,1,立方公尺(m3),搖籃到墳墓,2016/01/01～2016/12/31
"原生木漿影印紙",3.60E+0,kgCO₂e,1,包,搖籃到墳墓,2016/01/01～2016/12/31
"高速鐵路運輸服務",3.40E-2,kgCO₂e,1,延人公里(pkm),搖籃到墳墓,2016/01/01～2016/12/31
"柴油（於鐵路運輸與非道路運輸移動源使用，2016）",3.61E+0,kgCO₂e,1,公升(L),搖籃到大門,2016/01/01～2016/12/31
"綠茶（250ml，鋁箔包裝）",1.10E-1,kgCO₂e,1,包,搖籃到墳墓,2016/01/01～2016/12/31
"綠茶（300ml，鋁箔包裝）",1.20E-1,kgCO₂e,1,包,搖籃到墳墓,2016/01/01～2016/12/31
"奶茶(250ml，鋁箔包裝)",1.30E-1,kgCO₂e,1,包,搖籃到墳墓,2016/01/01～2016/12/31
"奶茶(300ml，鋁箔包裝)",1.40E-1,kgCO₂e,1,包,搖籃到墳墓,2016/01/01～2016/12/31
"柴油（於水路運輸移動源使用，2016）",3.37E+0,kgCO₂e,1,公升(L),搖籃到大門,2016/01/01～2016/12/31
"奶茶(375ml，鋁箔包裝)",2.00E-1,kgCO₂e,1,包,搖籃到墳墓,2016/01/01～2016/12/31
"紅茶(250ml，鋁箔包裝)",1.00E-1,kgCO₂e,1,包,搖籃到墳墓,2016/01/01～2016/12/31
"紅茶(300ml，鋁箔包裝)",1.20E-1,kgCO₂e,1,包,搖籃到墳墓,2016/01/01～2016/12/31
"紅茶(375ml，鋁箔包裝)",1.60E-1,kgCO₂e,1,包,搖籃到墳墓,2016/01/01～2016/12/31
"保鮮盒",5.16E+0,kgCO₂e,1,個,搖籃到墳墓,2016/11/01～2017/10/31
"高粱酒(50％，600ml)",5.50E+0,kgCO₂e,1,瓶,搖籃到墳墓,2016/01/01～2016/12/31
"柴油（於捕撈移動源使用，2016）",3.36E+0,kgCO₂e,1,公升(L),搖籃到大門,2016/01/01～2016/12/31
"廢（污）水處理服務（臺南市政府水利局柳營區水資源回收中心）",5.00E-1,kgCO₂e,1,立方公尺(m3),搖籃到墳墓,2016/01/01～2016/12/31
"瓶裝水（600ml，PET包裝）",1.53E-1,kgCO₂e,1,瓶,搖籃到墳墓,2014/01/01～2014/12/31
"瓶裝水(1500ml，PET包裝)",2.50E-1,kgCO₂e,1,瓶,搖籃到墳墓,2014/01/01～2014/12/31
"濃硫酸",3.54E-1,kgCO₂e,1,公斤(kg),搖籃到大門,2016/01/01～2016/12/31
"瓶裝水(2000ml，PET包裝)",3.68E-1,kgCO₂e,1,瓶,搖籃到墳墓,2014/01/01～2014/12/31
"2.6mm裸銅線（SCR銅）",4.28E+0,kgCO₂e,1,公斤(kg),搖籃到大門,2016/01/01～2016/12/31
"豆漿(450ml，鋁箔包裝)",3.80E-1,kgCO₂e,1,盒,搖籃到墳墓,2016/01/01～2016/12/31
"3.03mm裸銅線（SCR銅）",4.16E+0,kgCO₂e,1,公斤(kg),搖籃到大門,2016/01/01～2016/12/31
"8mm裸銅線（SCR銅）",4.13E+0,kgCO₂e,1,公斤(kg),搖籃到大門,2016/01/01～2016/12/31
"8mm裸銅線（無氧銅）",5.13E+0,kgCO₂e,1,公斤(kg),搖籃到大門,2016/01/01～2016/12/31
"封裝銅銲線",1.71E-2,kgCO₂e,1,公尺(m),搖籃到大門,2016/01/01～2016/12/31
"聚氯乙烯(PVC)合成皮（塗佈製程）",5.71E+0,kgCO₂e,1,公斤(kg),搖籃到大門,2016/01/01～2016/12/31
"聚氯乙烯(PVC)合成皮（壓延製程，使用基布）",4.19E+0,kgCO₂e,1,公斤(kg),搖籃到大門,2016/01/01～2016/12/31
"聚氯乙烯(PVC)合成皮（壓延製程，未使用基布）",3.37E+0,kgCO₂e,1,公斤(kg),搖籃到大門,2016/01/01～2016/12/31
"綠茶洗髮精（1000ml）",2.70E+1,kgCO₂e,1,瓶,搖籃到墳墓,2015/01/01～2015/12/31
"過硫酸銨",6.58E+0,kgCO₂e,1,公斤(kg),搖籃到大門,2016/01/01～2016/12/31
"過硫酸鈉",1.41E+1,kgCO₂e,1,公斤(kg),搖籃到大門,2016/01/01～2016/12/31
"橄欖洗髮精（1000ml）",3.00E+1,kgCO₂e,1,瓶,搖籃到墳墓,2016/01/01～2016/12/31
"洗髮精（1000ml）",2.85E+1,kgCO₂e,1,瓶,搖籃到墳墓,2015/01/01～2016/12/31
"無磷無氧銅塊",4.77E+0,kgCO₂e,1,公斤(kg),搖籃到大門,2016/01/01～2016/12/31
"道林紙",1.46E+0,kgCO₂e,1,公斤(kg),搖籃到墳墓,2016/01/01～2016/12/31
"洗衣粉",3.80E+0,kgCO₂e,1,盒,搖籃到墳墓,2015/10/01～2016/09/30
"洗碗精（1000ml）",2.00E+0,kgCO₂e,1,瓶,搖籃到墳墓,2015/10/01～2016/09/30
"鏡面無縫紙管",2.39E+0,kgCO₂e,1,公斤(kg),搖籃到大門,2016/01/01～2016/12/31
"工業用水（韓國，1998）",1.02E-4,kgCO₂e,1,公斤(kg),搖籃到大門,1998/01/01～1998/12/31
"飲用水（韓國，2002）",3.32E-4,kgCO₂e,1,公斤(kg),搖籃到大門,2002/01/01～2002/12/31
"柴油（未燃燒，韓國，2000）",6.82E-2,kgCO₂e,1,公斤(kg),搖籃到大門,2000/01/01～2000/12/31
"煤（未燃燒，韓國，1999）",4.80E-1,kgCO₂e,1,公斤(kg),搖籃到大門,1999/01/01～1999/12/31
"重質燃料油（未燃燒，韓國，1998）",3.25E-1,kgCO₂e,1,公斤(kg),搖籃到大門,1998/01/01～1998/12/31
"汽油（未燃燒，韓國，2000）",8.32E-2,kgCO₂e,1,公斤(kg),搖籃到大門,2000/01/01～2000/12/31
"液化天然氣（未燃燒，韓國，2006）",5.95E-1,kgCO₂e,1,公斤(kg),搖籃到大門,2006/01/01～2006/12/31
"液化石油氣（未燃燒，韓國，2006）",3.94E-1,kgCO₂e,1,公斤(kg),搖籃到大門,2016/01/01～2016/12/31
"液化石油氣（未燃燒，泰國，2008）",4.12E-1,kgCO₂e,1,公斤(kg),搖籃到大門,2008/01/01～2008/12/31
"汽油（未燃燒，泰國，2005）",7.06E-1,kgCO₂e,1,公斤(kg),搖籃到大門,2005/01/01～2005/12/31
"燃料油（未燃燒，泰國，2005）",3.05E-1,kgCO₂e,1,公斤(kg),搖籃到大門,2005/01/01～2005/12/31
"柴油（未燃燒，泰國，2005）",3.28E-1,kgCO₂e,1,公斤(kg),搖籃到大門,2005/01/01～2005/12/31
"電力碳足跡(2016)",6.60E-1,kgCO₂e,1,度(kwh),搖籃到大門,2016/01/01～2016/12/31
"廢棄物焚化處理服務(苗栗縣垃圾焚化廠)",3.40E+2,kgCO₂e,1,公噸(mt),搖籃到墳墓,2014/01/01～2014/12/31
"電力碳足跡(2015)",6.54E-1,kgCO₂e,1,度(kwh),搖籃到大門,2015/01/01～2015/12/31
"燃料油使用(蒸餘油/重油使用，2015)",4.00E+0,kgCO₂e,1,公升(L),搖籃到大門,2015/01/01～2015/12/31
"柴油(未燃燒，2015)",7.52E-1,kgCO₂e,1,公升(L),搖籃到大門,2015/01/01～2015/12/31
"柴油(於固定源使用，2015)",3.45E+0,kgCO₂e,1,公升(L),搖籃到大門,2015/01/01～2015/12/31
"柴油(於移動源使用，2015)",3.48E+0,kgCO₂e,1,公升(L),搖籃到大門,2015/01/01～2015/12/31
"天然橡膠(乳膠)",2.71E+0,kgCO₂e,1,公斤(kg),搖籃到大門,～
"銀(未鍛造)",3.19E+1,kgCO₂e,1,公斤(kg),搖籃到大門,～
"乙二酸",4.34E+0,kgCO₂e,1,公斤(kg),搖籃到大門,～
"錳(未經塑性加工)",6.98E+0,kgCO₂e,1,公斤(kg),搖籃到大門,～
"車用汽油(未燃燒，2015)",6.71E-1,kgCO₂e,1,公升(L),搖籃到大門,2015/01/01～2015/12/31
"氫氧化鋁",1.05E+0,kgCO₂e,1,公斤(kg),搖籃到大門,～
"矽酸鈉",1.00E+0,kgCO₂e,1,公斤(kg),搖籃到大門,～
"聚對苯二甲酸丁二酯(PBT)",2.60E+0,kgCO₂e,1,公斤(kg),搖籃到大門,～
"不飽和聚酯樹脂",5.50E+0,kgCO₂e,1,公斤(kg),搖籃到大門,～
"車用汽油(於固定源使用，2015)",3.02E+0,kgCO₂e,1,公升(L),搖籃到大門,2015/01/01～2015/12/31
"乙酸酐",2.69E+0,kgCO₂e,1,公斤(kg),搖籃到大門,～
"丁二醇",6.29E+0,kgCO₂e,1,公斤(kg),搖籃到大門,～
"聚乙二醇(PEG)",1.75E+0,kgCO₂e,1,公斤(kg),搖籃到大門,～
"未精煉銅(供電解法精煉用之陽極銅)",7.59E+0,kgCO₂e,1,公斤(kg),搖籃到大門,～
"車用汽油(於移動源使用，2015)",3.10E+0,kgCO₂e,1,公升(L),搖籃到大門,2015/01/01～2015/12/31
"重鉻酸鉀",4.09E+0,kgCO₂e,1,公斤(kg),搖籃到大門,～
"1-丁醇",2.93E+0,kgCO₂e,1,公斤(kg),搖籃到大門,～
"異丁醇",2.82E+0,kgCO₂e,1,公斤(kg),搖籃到大門,～
"天然氣(於固定源使用，2015)",2.61E+0,kgCO₂e,1,立方公尺(m3),搖籃到大門,2015/01/01～2015/12/31
"液化石油氣(於固定源使用，2015)",2.26E+0,kgCO₂e,1,公升(L),搖籃到大門,2015/01/01～2015/12/31
"3.49噸常溫貨車服務(裝載率31％，包含營業據點排放)",2.18E+0,kgCO₂e,1,延噸公里(tkm),搖籃到墳墓,2014/01/01～2015/12/31
"3.49噸常溫貨車服務(裝載率84％，包含營業據點排放)",8.33E-1,kgCO₂e,1,延噸公里(tkm),搖籃到墳墓,2014/01/01～2015/12/31
"3.5~7.4噸常溫貨車服務(裝載率82％，包含營業據點排放)",3.16E-1,kgCO₂e,1,延噸公里(tkm),搖籃到墳墓,2014/01/01～2015/12/31
"煤油使用(2015)",3.02E+0,kgCO₂e,1,公升(L),搖籃到大門,2015/01/01～2015/12/31
"7.5~16噸常溫貨車服務(裝載率80％，包含營業據點排放)",2.76E-1,kgCO₂e,1,延噸公里(tkm),搖籃到墳墓,2014/01/01～2015/12/31
"3.49噸低溫貨車服務(裝載率32％，包含營業據點排放)",2.71E+0,kgCO₂e,1,延噸公里(tkm),搖籃到墳墓,2014/01/01～2015/12/31
"3.49噸低溫貨車服務(裝載率77％，包含營業據點排放)",1.55E+0,kgCO₂e,1,延噸公里(tkm),搖籃到墳墓,2014/01/01～2015/12/31
"3.5~7.4噸低溫貨車服務(裝載率41％，包含營業據點排放)",1.15E+0,kgCO₂e,1,延噸公里(tkm),搖籃到墳墓,2014/01/01～2015/12/31
"3.5~7.4噸低溫貨車服務(裝載率69％，包含營業據點排放)",9.59E-1,kgCO₂e,1,延噸公里(tkm),搖籃到墳墓,2014/01/01～2015/12/31
"不鏽鋼盤元(含酸洗與退火加工製程)",1.70E+0,kgCO₂e,1,公斤(kg),搖籃到大門,2015/01/01～2015/12/31
"不鏽鋼盤元(不含酸洗與退火加工製程)",1.42E+0,kgCO₂e,1,公斤(kg),搖籃到大門,2015/01/01～2015/12/31
"晶片電阻",1.70E+2,kgCO₂e,1,公斤(kg),搖籃到大門,2015/01/01～2015/12/31
"過磷酸鈣",8.47E-1,kgCO₂e,1,公斤(kg),搖籃到大門,2015/01/01～2015/12/31
"銅箔",1.24E+1,kgCO₂e,1,公斤(kg),搖籃到大門,2015/01/01～2015/12/31
"葵花油",5.78E+0,kgCO₂e,1,公斤(kg),搖籃到大門,2015/01/01～2015/12/31
"7.5~16噸低溫貨車服務(裝載率65％，包含營業據點排放)",9.61E-1,kgCO₂e,1,延噸公里(tkm),搖籃到墳墓,2014/01/01～2015/12/31
"氮氣",1.30E-1,kgCO₂e,1,立方公尺(m3),搖籃到大門,2015/01/01～2015/12/31
"3.49噸多溫貨車服務(包含營業據點排放)",1.66E+0,kgCO₂e,1,延噸公里(tkm),搖籃到墳墓,2015/01/01～2015/12/31
"有機越光米",1.59E+0,kgCO₂e,1,公斤(kg),搖籃到墳墓,2013/07/01～2013/10/31
"聚乙烯醇",3.67E+0,kgCO₂e,1,公斤(kg),搖籃到大門,2015/01/01～2015/12/31
"丁腈橡膠",3.04E+0,kgCO₂e,1,公斤(kg),搖籃到大門,2015/01/01～2015/12/31
"合成橡膠乳液(NBRLatex)",1.50E+0,kgCO₂e,1,公斤(kg),搖籃到大門,2015/01/01～2015/12/31
"合成橡膠乳液(SBRLatex)",2.39E+0,kgCO₂e,1,公斤(kg),搖籃到大門,2015/01/01～2015/12/31
"再生鋅錠",4.00E-2,kgCO₂e,1,公斤(kg),大門到大門,2015/01/01～2015/12/31
"紅茶",7.04E+0,kgCO₂e,1,公斤(kg),搖籃到墳墓,2013/07/01～2013/10/31
"再生鋅合金錠",4.03E-2,kgCO₂e,1,公斤(kg),大門到大門,2015/01/01～2015/12/31
"有機三星蔥",5.58E-1,kgCO₂e,1,公斤(kg),搖籃到墳墓,2013/07/01～2013/10/31
"苯乙烯單體",2.17E+0,kgCO₂e,1,公斤(kg),搖籃到大門,2015/01/01～2015/12/31
"水梨",1.79E+0,kgCO₂e,1,公斤(kg),搖籃到墳墓,2013/07/01～2013/10/31
"聚酯纖維(短纖，直紡)",5.00E+0,kgCO₂e,1,公斤(kg),搖籃到大門,2015/01/01～2015/12/31
"天然棉混紡紗",4.42E+0,kgCO₂e,1,公斤(kg),搖籃到大門,2015/01/01～2015/12/31
"精鹽(食用鹽)",1.70E-1,kgCO₂e,1,公斤(kg),搖籃到大門,2015/01/01～2015/12/31
"未漂白牛皮紙袋和麻袋用紙",1.24E+0,kgCO₂e,1,公斤(kg),搖籃到大門,2006/01/01～2006/12/31
"航空貨物運輸服務",1.16E+0,kgCO₂e,1,延噸公里(tkm),搖籃到大門,2003/01/01～2010/01/01
"鋼胚(電弧爐製程，不分型號)",6.78E-1,kgCO₂e,1,公斤(kg),搖籃到大門,2012/01/01～2014/12/31
"熱軋竹節鋼筋(不分型號)",9.19E-1,kgCO₂e,1,公斤(kg),搖籃到大門,2014/01/01～2014/12/31
"水泥熟料",9.48E-1,kgCO₂e,1,公斤(kg),搖籃到大門,2013/01/01～2015/12/31
"水泥(不分型號)",9.07E-1,kgCO₂e,1,公斤(kg),搖籃到大門,2013/01/01～2015/12/31
"預拌混凝土(80kgf/cm2)",2.07E+2,kgCO₂e,1,立方公尺(m3),搖籃到大門,2013/01/01～2016/12/31
"預拌混凝土(140kgf/cm2)",1.99E+2,kgCO₂e,1,立方公尺(m3),搖籃到大門,2013/01/01～2016/12/31
"預拌混凝土(175kgf/cm2)",1.94E+2,kgCO₂e,1,立方公尺(m3),搖籃到大門,2013/01/01～2016/12/31
"預拌混凝土(210kgf/cm2)",2.20E+2,kgCO₂e,1,立方公尺(m3),搖籃到大門,2013/01/01～2016/12/31
"預拌混凝土(245kgf/cm2，坍度15-17.5cm)",2.44E+2,kgCO₂e,1,立方公尺(m3),搖籃到大門,2013/01/01～2016/12/31
"預拌混凝土(245kgf/cm2，坍度50cm)",2.52E+2,kgCO₂e,1,立方公尺(m3),搖籃到大門,2013/01/01～2016/12/31
"預拌混凝土(280kgf/cm2)",2.63E+2,kgCO₂e,1,立方公尺(m3),搖籃到大門,2013/01/01～2016/12/31
"預拌混凝土(420kgf/cm2)",3.83E+2,kgCO₂e,1,立方公尺(m3),搖籃到大門,2013/08/01～2016/12/31
"水中混凝土(210kgf/cm2)",2.42E+2,kgCO₂e,1,立方公尺(m3),搖籃到大門,2013/01/01～2016/12/31
"水中混凝土(280kgf/cm2)",2.75E+2,kgCO₂e,1,立方公尺(m3),搖籃到大門,2013/01/01～2016/12/31
"早強預拌混凝土(420kgf/cm2，飛灰爐石粉替代率20％)",4.31E+2,kgCO₂e,1,立方公尺(m3),搖籃到大門,2013/08/01～2016/12/31
"受阻胺光安定劑(53gal鐵桶包裝)",5.40E+0,kgCO₂e,1,公斤(kg),搖籃到大門,2012/01/01～2012/12/31
"受阻胺光安定劑(20L塑膠桶包裝)",5.51E+0,kgCO₂e,1,公斤(kg),搖籃到大門,2012/01/01～2012/12/31
"受阻胺光安定劑(1噸塑膠方桶包裝)",5.33E+0,kgCO₂e,1,公斤(kg),搖籃到大門,2012/01/01～2012/12/31
"苯並三唑紫外線吸收劑(53gal鐵桶包裝)",9.23E+0,kgCO₂e,1,公斤(kg),搖籃到大門,2012/01/01～2012/12/31
"苯並三唑紫外線吸收劑(20L塑膠桶包裝)",9.34E+0,kgCO₂e,1,公斤(kg),搖籃到大門,2012/01/01～2012/12/31
"苯並三唑紫外線吸收劑(1噸塑膠方桶包裝)",9.16E+0,kgCO₂e,1,公斤(kg),搖籃到大門,2012/01/01～2012/12/31
"反應性黑色紡織染料(適用於浸染、連續染色＆冷壓染色，紙箱包裝)",1.45E+1,kgCO₂e,1,公斤(kg),搖籃到大門,2012/01/01～2012/12/31
"反應性黑色紡織染料(適用於印花染色，紙箱包裝)",1.29E+1,kgCO₂e,1,公斤(kg),搖籃到大門,2012/01/01～2012/12/31
"再生料-廢輪胎-再生碳黑",5.18E+2,kgCO₂e,1,公噸(mt),搖籃到大門,2014/01/01～2014/12/31
"再生料-廢輪胎-再生裂解油(未燃燒)",3.10E+2,kgCO₂e,1,公秉(kl),搖籃到大門,2014/01/01～2014/12/31
"鋼胚(電弧爐製程，SD280W)",7.03E-1,kgCO₂e,1,公斤(kg),搖籃到大門,2014/01/01～2014/12/31
"鋼胚(電弧爐製程，SD420W)",7.29E-1,kgCO₂e,1,公斤(kg),搖籃到大門,2014/01/01～2014/12/31
"熱軋竹節鋼筋(SD280W)",8.74E-1,kgCO₂e,1,公斤(kg),搖籃到大門,2014/01/01～2014/12/31
"熱軋竹節鋼筋(SD420W)",9.01E-1,kgCO₂e,1,公斤(kg),搖籃到大門,2014/01/01～2014/12/31
"免調質鋼車用鍛造件",4.84E+0,kgCO₂e,1,公斤(kg),搖籃到大門,2016/10/01～2017/03/31
"調質鋼車用鍛造件",5.70E+0,kgCO₂e,1,公斤(kg),搖籃到大門,2016/10/01～2017/03/31
"多晶矽太陽能電池",3.14E+0,kgCO₂e,1,片,搖籃到大門,2015/01/01～2016/04/30
"單晶矽太陽能電池",3.53E+0,kgCO₂e,1,片,搖籃到大門,2015/01/01～2015/12/31
"多晶矽晶片",1.75E+2,kgCO₂e,1,公斤(kg),搖籃到大門,2015/01/01～2015/12/31
"IECIE3馬達(AEHF系列，4P20HP)",6.95E+2,kgCO₂e,1,台(pcs),搖籃到大門,2015/01/01～2015/12/31
"多晶矽晶碇",3.91E+1,kgCO₂e,1,公斤(kg),搖籃到大門,2015/01/01～2015/12/31
"咖哩醬",2.00E+0,kgCO₂e,1,公斤(kg),搖籃到大門,2015/01/01～2015/12/31
"正銀漿",1.82E+1,kgCO₂e,1,公斤(kg),搖籃到大門,2015/01/01～2015/12/31
"背銀漿",1.30E+1,kgCO₂e,1,公斤(kg),搖籃到大門,2015/01/01～2015/12/31
"氫氟酸，49％",3.94E+0,kgCO₂e,1,公斤(kg),搖籃到大門,2015/01/01～2015/12/31
"味噌",1.14E+0,kgCO₂e,1,公斤(kg),搖籃到大門,2015/01/01～2015/12/31
"素沙茶醬",1.58E+0,kgCO₂e,1,公斤(kg),搖籃到大門,2014/01/01～2014/12/31
"丁腈橡膠手套",1.39E-1,kgCO₂e,1,雙,搖籃到大門,2015/01/01～2016/04/30
"鰹魚柴魚花",3.82E+0,kgCO₂e,1,公斤(kg),搖籃到大門,2014/01/01～2014/12/31
"AB楞紙箱(3層2浪)",1.19E+0,kgCO₂e,1,平方公尺(m2),搖籃到大門,2015/01/01～2015/12/31
"角紙",1.14E+0,kgCO₂e,1,公斤(kg),搖籃到大門,2015/01/01～2015/12/31
"紙棧板",1.23E+0,kgCO₂e,1,公斤(kg),搖籃到大門,2015/01/01～2015/12/31
"緩衝材料組裝用熱熔膠",3.41E+0,kgCO₂e,1,公斤(kg),搖籃到大門,2015/01/01～2015/12/31
"乙烯醋酸乙烯酯共聚物(EVA)",3.27E+0,kgCO₂e,1,公斤(kg),搖籃到大門,2015/01/01～2015/12/31
"鯖魚柴魚花",3.63E+0,kgCO₂e,1,公斤(kg),搖籃到大門,2014/01/01～2014/12/31
"低地板甲類市區公車運輸服務(包含營業據點及公車站點排放)",5.75E-2,kgCO₂e,1,延人公里(pkm),搖籃到墳墓,2015/01/01～2015/12/31
"乙類市區公車運輸服務(包含營業據點及公車站點排放)",7.84E-2,kgCO₂e,1,延人公里(pkm),搖籃到墳墓,2015/01/01～2015/12/31
"普通甲類市區公車運輸服務(包含營業據點及公車站點排放)",7.67E-2,kgCO₂e,1,延人公里(pkm),搖籃到墳墓,2015/01/01～2015/12/31
"石蠟",1.31E+0,kgCO₂e,1,公斤(kg),搖籃到大門,2015/01/01～2015/12/31
"萬用免釘膠",5.90E-1,kgCO₂e,1,支,搖籃到墳墓,2015/09/01～2015/12/31
"廢棄物焚化處理服務(臺南市永康垃圾資源回收(焚化)廠)",3.27E+2,kgCO₂e,1,公噸(mt),搖籃到墳墓,2015/01/01～2015/12/31
"廢棄物焚化處理服務(臺南市城西垃圾焚化廠)",3.33E+2,kgCO₂e,1,公噸(mt),搖籃到墳墓,2015/01/01～2015/12/31
"綠茶擂茶",4.50E+0,kgCO₂e,1,包,搖籃到墳墓,2016/01/01～2016/12/31
"廢(污)水處理服務(羅東地區水資源回收中心)",3.00E-1,kgCO₂e,1,立方公尺(m3),搖籃到墳墓,2015/01/01～2015/12/31
"蛋白質護髮霜",1.54E+0,kgCO₂e,1,瓶,搖籃到墳墓,2014/11/01～2015/10/31
"早強預拌混凝土(420kgf/cm2，飛灰爐石粉替代率25％)",4.43E+2,kgCO₂e,1,立方公尺(m3),搖籃到大門,2013/08/01～2016/12/31
"早強預拌混凝土(420kgf/cm2，飛灰爐石粉替代率45％)",3.36E+2,kgCO₂e,1,立方公尺(m3),搖籃到大門,2013/08/01～2016/12/31
"自充填預拌混凝土(350kgf/cm2)",2.95E+2,kgCO₂e,1,立方公尺(m3),搖籃到大門,2013/10/01～2016/12/31
"自充填預拌混凝土(420kgf/cm2)",3.20E+2,kgCO₂e,1,立方公尺(m3),搖籃到大門,2013/08/01～2016/12/31
"噴凝土(210kgf/cm2)",3.94E+2,kgCO₂e,1,立方公尺(m3),搖籃到大門,2013/01/01～2016/12/31
"鋼纖維噴凝土(255kgf/cm2)",4.33E+2,kgCO₂e,1,立方公尺(m3),搖籃到大門,2013/01/01～2016/12/31
"R45水泥混凝土",4.45E+2,kgCO₂e,1,立方公尺(m3),搖籃到大門,2013/01/01～2016/12/31
"氫化石油樹脂",2.73E+0,kgCO₂e,1,公斤(kg),搖籃到大門,2015/01/01～2015/12/31
"洗衣粉",1.34E+0,kgCO₂e,1,公斤(kg),搖籃到大門,2014/07/01～2015/06/30
"人孔底座(內徑1,800mm)",2.09E+3,kgCO₂e,1,個(pcs),搖籃到大門,2016/03/21～2016/09/27
"人孔大小頭(內徑1,800mm)",5.75E+2,kgCO₂e,1,個(pcs),搖籃到大門,2016/03/21～2016/09/27
"人孔短管(長度30cm，內徑1,800mm)",2.48E+2,kgCO₂e,1,個(pcs),搖籃到大門,2016/03/21～2016/09/27
"人孔短管(長度60cm，內徑1,800mm)",5.01E+2,kgCO₂e,1,個(pcs),搖籃到大門,2016/03/21～2016/09/27
"人孔短管(長度90cm，內徑1,800mm)",7.55E+2,kgCO₂e,1,個(pcs),搖籃到大門,2016/03/21～2016/09/27
"人孔短管(長度120cm，內徑1,800mm)",9.57E+2,kgCO₂e,1,個(pcs),搖籃到大門,2016/03/21～2016/09/27
"全鋁質混凝土管(管徑1,000mm)",5.69E+2,kgCO₂e,1,公尺(m),搖籃到大門,2016/03/21～2016/09/27
"聚酯樹脂混凝土管(管徑600mm)",1.69E+2,kgCO₂e,1,公尺(m),搖籃到大門,2016/03/21～2016/09/27
"聚酯樹脂混凝土管(管徑400mm)",9.13E+1,kgCO₂e,1,公尺(m),搖籃到大門,2016/03/21～2016/09/27
"聚酯樹脂混凝土管(管徑300mm)",5.52E+1,kgCO₂e,1,公尺(m),搖籃到大門,2016/03/21～2016/09/27
"人孔底座(內徑1,200mm)",5.54E+2,kgCO₂e,1,個,搖籃到大門,2016/03/21～2016/09/27
"人孔大小頭(內徑1,200mm)",2.77E+2,kgCO₂e,1,個,搖籃到大門,2016/03/21～2016/09/27
"人孔短管(長度30cm，內徑1,200mm)",1.11E+2,kgCO₂e,1,個,搖籃到大門,2016/03/21～2016/09/27
"人孔短管(長度90cm，內徑1,200mm)",3.38E+2,kgCO₂e,1,個,搖籃到大門,2016/03/21～2016/09/27
"人孔短管(長度120cm，內徑1,200mm)",4.52E+2,kgCO₂e,1,個,搖籃到大門,2016/03/21～2016/09/27
"人孔底座(內徑1,500mm)",1.12E+3,kgCO₂e,1,個,搖籃到大門,2016/03/21～2016/09/27
"人孔大小頭(內徑1,500mm)",3.93E+2,kgCO₂e,1,個,搖籃到大門,2016/03/21～2016/09/27
"人孔短管(長度30cm，內徑1,500mm)",1.64E+2,kgCO₂e,1,個,搖籃到大門,2016/03/21～2016/09/27
"人孔短管(長度60cm，內徑1,500mm)",3.33E+2,kgCO₂e,1,個,搖籃到大門,2016/03/21～2016/09/27
"人孔短管(長度90cm，內徑1,500mm)",5.01E+2,kgCO₂e,1,個,搖籃到大門,2016/03/21～2016/09/27
"人孔短管(長度120cm，內徑1,500mm)",6.69E+2,kgCO₂e,1,個,搖籃到大門,2016/03/21～2016/09/27
"咖啡菇",3.00E-1,kgCO₂e,1,盒,搖籃到墳墓,2012/07/01～2013/06/30
"咖啡菇(斤耳)",2.78E-1,kgCO₂e,1,盒,搖籃到墳墓,2012/07/01～2013/06/30
"無線滑鼠",3.76E+0,kgCO₂e,1,支,搖籃到墳墓,2015/10/01～2016/06/30
"咖啡菇(冬雪菇)",2.86E-1,kgCO₂e,1,盒,搖籃到墳墓,2012/07/01～2013/06/30
"咖啡菇(杏鮑菇)",3.39E-1,kgCO₂e,1,盒,搖籃到墳墓,2012/07/01～2013/06/30
"咖啡菇(秀珍菇)",2.88E-1,kgCO₂e,1,盒,搖籃到墳墓,2012/07/01～2013/06/30
"咖啡菇(柳松菇)",3.22E-1,kgCO₂e,1,盒,搖籃到墳墓,2012/07/01～2013/06/30
"咖啡菇(珊瑚菇)",2.82E-1,kgCO₂e,1,盒,搖籃到墳墓,2012/07/01～2013/06/30
"咖啡菇(夏雪菇)",2.87E-1,kgCO₂e,1,盒,搖籃到墳墓,2012/07/01～2013/06/30
"咖啡菇(猴頭菇)",3.41E-1,kgCO₂e,1,盒,搖籃到墳墓,2012/07/01～2013/06/30
"咖啡菇(黑木耳)",2.79E-1,kgCO₂e,1,盒,搖籃到墳墓,2012/07/01～2013/06/30
"咖啡菇(豬肚菇)",3.09E-1,kgCO₂e,1,盒,搖籃到墳墓,2012/07/01～2013/06/30
"咖啡菇(鮑魚菇)",3.20E-1,kgCO₂e,1,盒,搖籃到墳墓,2012/07/01～2013/06/30
"麵條",1.24E+0,kgCO₂e,1,公斤(kg),搖籃到墳墓,2015/07/01～2016/06/30
"原味關廟麵",1.85E+0,kgCO₂e,1,包,搖籃到墳墓,2015/07/01～2016/06/30
"烏龍麵",1.85E+0,kgCO₂e,1,包,搖籃到墳墓,2015/07/01～2016/06/30
"芝麻油",1.40E+0,kgCO₂e,1,公斤,搖籃到墳墓,2015/01/01～2015/12/31
"芝麻油(543ml)",1.22E+0,kgCO₂e,1,瓶,搖籃到墳墓,2015/01/01～2015/12/31
"芝麻油(217ml)",6.20E-1,kgCO₂e,1,瓶,搖籃到墳墓,2015/01/01～2015/12/31
"可樂(寶特瓶裝，600ml)",3.98E-1,kgCO₂e,1,瓶,搖籃到墳墓,2015/04/01～2016/03/31
"可樂(寶特瓶裝，2L)",6.44E-1,kgCO₂e,1,瓶,搖籃到墳墓,2015/04/01～2016/03/31
"柳橙汁(寶特瓶裝，450ml)",2.54E-1,kgCO₂e,1,瓶,搖籃到墳墓,2015/04/01～2016/03/31
"刀削麵",1.13E+0,kgCO₂e,1,包,搖籃到墳墓,2015/07/01～2016/06/30
"意麵",1.13E+0,kgCO₂e,1,包,搖籃到墳墓,2015/07/01～2016/06/30
"拉麵",1.49E+0,kgCO₂e,1,包,搖籃到墳墓,2015/07/01～2016/06/30
"麵線",1.24E+0,kgCO₂e,1,包,搖籃到墳墓,2015/07/01～2016/06/30
"營養麵條",7.26E+0,kgCO₂e,1,包,搖籃到墳墓,2015/07/01～2016/06/30
"芋香米(台梗4號)",3.40E+0,kgCO₂e,1,包,搖籃到墳墓,2014/07/01～2015/06/30
"山穀米(台梗4號)",5.50E+0,kgCO₂e,1,包,搖籃到墳墓,2014/07/01～2015/06/30
"良質米(高雄139號品種)",6.50E+0,kgCO₂e,1,包,搖籃到墳墓,2014/07/01～2015/06/30
"柿餅",6.50E-1,kgCO₂e,1,盒,搖籃到墳墓,2014/01/01～2014/12/31
"客家桔醬",5.00E-1,kgCO₂e,1,瓶,搖籃到墳墓,2013/01/01～2013/12/31
"大捲筒衛生紙",1.80E+0,kgCO₂e,1,捲,搖籃到墳墓,2014/01/01～2014/12/31
"抽取式衛生紙(110抽)",4.00E-1,kgCO₂e,1,包,搖籃到墳墓,2014/01/01～2015/12/31
"環保抽取式衛生紙",3.20E-1,kgCO₂e,1,包,搖籃到大門,2015/01/01～2015/12/31
"環保抽取式擦手紙巾",6.50E-1,kgCO₂e,1,包,搖籃到大門,2015/01/01～2015/12/31
"燃料油使用(含90wt％生質燃料油，2015)",3.14E+3,kgCO₂e,1,公秉(kl),搖籃到大門,2015/07/01～2015/12/31
"高山烏龍茶(無烘培-部分發酵)",5.71E+0,kgCO₂e,1,包,搖籃到墳墓,2014/05/01～2015/04/30
"高山烏龍茶(有烘培-部分發酵)",7.69E+0,kgCO₂e,1,包,搖籃到墳墓,2014/05/01～2015/04/30
"竹炭片(以土窯生產)",3.84E-1,kgCO₂e,1,公斤(kg),搖籃到大門,2012/01/01～2012/12/31
"高山烏龍茶(無烘培-完全發酵)",6.30E+0,kgCO₂e,1,包,搖籃到墳墓,2014/05/01～2015/04/30
"紅殼雞蛋",1.07E-1,kgCO₂e,1,顆,搖籃到大門,2015/01/01～2015/12/31
"竹炭片(以機械窯生產)",7.62E-1,kgCO₂e,1,公斤(kg),搖籃到大門,2012/01/01～2012/12/31
"有機小麥粉",1.40E+0,kgCO₂e,1,公斤(kg),搖籃到大門,2015/07/01～2016/06/30
"鮮乳",2.48E+0,kgCO₂e,1,公升,搖籃到大門,2013/01/01～2013/12/31
"竹炭粒(以土窯生產)",3.42E-1,kgCO₂e,1,公斤(kg),搖籃到大門,2012/01/01～2012/12/31
"有機麩皮胚芽粉",1.36E+0,kgCO₂e,1,公斤(kg),搖籃到大門,2015/07/01～2016/06/30
"有機全麥粉",1.39E+0,kgCO₂e,1,公斤(kg),搖籃到大門,2015/07/01～2016/06/30
"有機裸麥土司(常溫)",1.66E+0,kgCO₂e,1,公斤(kg),搖籃到大門,2015/07/01～2016/06/30
"有機廢棄物免發酵轉化肥料處理服務",4.83E+1,kgCO₂e,1,公噸(mt),搖籃到墳墓,2015/01/01～2015/12/31
"豬肉(不帶骨)",3.71E+1,kgCO₂e,1,公斤(kg),搖籃到墳墓,2015/07/01～2016/06/30
"霜降豬肉(不帶骨)",3.66E+1,kgCO₂e,1,公斤(kg),搖籃到墳墓,2015/07/01～2016/06/30
"豬肋排(帶骨50％)",3.64E+1,kgCO₂e,1,公斤(kg),搖籃到墳墓,2015/07/01～2016/06/30
"豬肋排(骨頭100％)",3.67E+1,kgCO₂e,1,公斤(kg),搖籃到墳墓,2015/07/01～2016/06/30
"竹炭粒(以機械窯生產)",7.19E-1,kgCO₂e,1,公斤(kg),搖籃到大門,2012/01/01～2012/12/31
"竹醋液(以土窯生產)",9.05E-1,kgCO₂e,1,公斤(kg),搖籃到大門,2012/01/01～2012/12/31
"竹醋液(以機械窯生產)",1.31E+0,kgCO₂e,1,公斤(kg),搖籃到大門,2012/01/01～2012/12/31
"落花生",6.80E-1,kgCO₂e,1,公斤(kg),搖籃到大門,2013/07/01～2014/06/30
"豬肉",3.69E+1,kgCO₂e,1,公斤(kg),搖籃到墳墓,2015/07/01～2016/06/30
"燃料油使用(蒸餘油/重油使用，2016)",3.96E+0,kgCO₂e,1,公升(L),搖籃到大門,2016/01/01～2016/12/31
"擂茶",3.64E+0,kgCO₂e,1,包,搖籃到墳墓,2016/01/01～2016/12/31
"精力湯",3.47E+0,kgCO₂e,1,包,搖籃到墳墓,2014/01/01～2014/12/31
"對苯二甲酸",1.76E+0,kgCO₂e,1,公斤(kg),搖籃到大門,2014/01/01～2014/12/31
"己內醯胺",3.39E+0,kgCO₂e,1,公斤(kg),搖籃到大門,2014/01/01～2014/12/31
"焦糖烤布丁",3.40E-1,kgCO₂e,1,個,搖籃到大門,2011/12/01～2012/11/30
"筆記型電腦電源線(含插頭端)",6.80E-1,kgCO₂e,1,條,搖籃到大門,2014/01/01～2014/12/31
"歪頭奶瓶(240ml)",3.16E+0,kgCO₂e,1,個,搖籃到墳墓,2012/01/01～2012/12/31
"高粱酒(58度，600ml)",4.00E+0,kgCO₂e,1,瓶,搖籃到墳墓,2013/06/01～2014/05/31
"水性白膠",1.10E+0,kgCO₂e,1,包,搖籃到墳墓,2012/01/01～2012/12/31
"磨石子地磚(30cm*30cm*2cm)",1.70E+0,kgCO₂e,1,片,搖籃到墳墓,2013/01/01～2013/12/31
"磨石子地磚(30cm*60cm*2cm)",3.20E+0,kgCO₂e,1,片,搖籃到墳墓,2013/01/01～2013/12/31
"磨石子地磚(40cm*40cm*2cm)",3.40E+0,kgCO₂e,1,片,搖籃到墳墓,2013/01/01～2013/12/31
"磨石子地磚(45cm*45cm*2cm)",4.00E+0,kgCO₂e,1,片,搖籃到墳墓,2013/01/01～2013/12/31
"磨石子地磚(50cm*50cm*2.5cm)",5.00E+0,kgCO₂e,1,片,搖籃到墳墓,2013/01/01～2013/12/31
"磨石子地磚(60cm*60cm*2.5cm)",7.50E+0,kgCO₂e,1,片,7.5,2013/01/01～2013/12/31
"豆漿(450ml，鋁箔包裝)",1.60E-1,kgCO₂e,1,盒,搖籃到墳墓,2013/01/01～2013/12/31
"奶茶(250ml，鋁箔包裝)",1.10E-1,kgCO₂e,1,包,搖籃到墳墓,2013/01/01～2013/12/31
"奶茶(300ml，鋁箔包裝)",1.30E-1,kgCO₂e,1,包,搖籃到墳墓,2013/01/01～2013/12/31
"奶茶(375ml，鋁箔包裝)",1.60E-1,kgCO₂e,1,包,搖籃到墳墓,2013/01/01～2013/12/31
"紅茶(250ml，鋁箔包裝)",9.50E-2,kgCO₂e,1,包,搖籃到墳墓,2013/01/01～2013/12/31
"紅茶(300ml，鋁箔包裝)",1.10E-1,kgCO₂e,1,包,搖籃到墳墓,2013/01/01～2013/12/31
"紅茶(375ml，鋁箔包裝)",1.30E-1,kgCO₂e,1,包,搖籃到墳墓,2013/01/01～2013/12/31
"綠茶(250ml，鋁箔包裝)",9.00E-2,kgCO₂e,1,包,搖籃到墳墓,2013/01/01～2013/12/31
"綠茶(300ml，鋁箔包裝)",1.00E-1,kgCO₂e,1,包,搖籃到墳墓,2013/01/01～2013/12/31
"百貨零售服務",5.00E-2,kgCO₂e,1,每平方米˙每小時,搖籃到墳墓,2014/01/01～2014/12/31
"OPP膠帶",3.85E-1,kgCO₂e,1,平方公尺(m2),搖籃到墳墓,2014/01/01～2014/12/31
"OPP膠帶",6.48E-1,kgCO₂e,1,卷,搖籃到墳墓,2014/01/01～2014/12/31
"PVC膠帶",1.62E+0,kgCO₂e,1,平方公尺(m2),搖籃到墳墓,2014/01/01～2014/12/31
"PVC膠帶",9.35E-1,kgCO₂e,1,卷,搖籃到墳墓,2014/01/01～2014/12/31
"番茄醬",6.48E+0,kgCO₂e,1,罐,搖籃到大門,2014/01/01～2014/12/31
"麵粉",g,CO2e,1,公斤(kg),搖籃到大門,2014/01/01～2014/12/31
"台灣鯛",2.29E+0,kgCO₂e,1,公斤(kg),搖籃到大門,2012/04/18～2014/12/03
"太陽光電模組發電(10KW，2014)",9.98E-3,kgCO₂e,1,度(kwh),大門到大門,2014/01/01～2014/12/31
"風力發電機組發電(1500KW，2014)",3.95E-3,kgCO₂e,1,度(kwh),大門到大門,2014/01/01～2014/12/31
"L(低碳鋼)級不銹鋼焊接管",7.48E+0,kgCO₂e,1,公斤(kg),搖籃到大門,2014/01/01～2014/12/31
"經典台灣啤酒(330ml，收縮膜6罐裝)",2.10E-1,kgCO₂e,1,罐,搖籃到大門,2014/01/01～2014/12/31
"經典台灣啤酒(330ml，收縮膜6罐裝)",1.29E+0,kgCO₂e,1,組,搖籃到大門,2014/01/01～2014/12/31
"經典台灣啤酒(330ml，紙箱24罐裝)",2.10E-1,kgCO₂e,1,罐,搖籃到大門,2014/01/01～2014/12/31
"經典台灣啤酒(330ml，紙箱24罐裝)",5.14E+0,kgCO₂e,1,箱,搖籃到大門,2014/01/01～2014/12/31
"經典台灣啤酒(500ml，紙箱24罐裝)",3.20E-1,kgCO₂e,1,罐,搖籃到大門,2014/01/01～2014/12/31
"經典台灣啤酒(500ml，紙箱24罐裝)",7.64E+0,kgCO₂e,1,箱,搖籃到大門,2014/01/01～2014/12/31
"經典台灣啤酒(600ml，玻璃瓶裝)",3.30E-1,kgCO₂e,1,瓶,搖籃到大門,2014/01/01～2014/12/31
"金牌台灣啤酒(330ml，收縮膜6罐裝)",2.20E-1,kgCO₂e,1,罐,搖籃到大門,2014/01/01～2014/12/31
"金牌台灣啤酒(330ml，收縮膜6罐裝)",1.33E+0,kgCO₂e,1,組,搖籃到大門,2014/01/01～2014/12/31
"金牌台灣啤酒(330ml，紙箱24罐裝)",2.20E-1,kgCO₂e,1,罐,搖籃到大門,2014/01/01～2014/12/31
"金牌台灣啤酒(330ml，紙箱24罐裝)",5.30E+0,kgCO₂e,1,箱,搖籃到大門,2014/01/01～2014/12/31
"金牌台灣啤酒(500ml，紙箱24罐裝)",3.30E-1,kgCO₂e,1,罐,搖籃到大門,2014/01/01～2014/12/31
"金牌台灣啤酒(500ml，紙箱24罐裝)",7.88E+0,kgCO₂e,1,箱,搖籃到大門,2014/01/01～2014/12/31
"金牌台灣啤酒(600ml，紙箱12瓶裝)",4.00E-1,kgCO₂e,1,瓶,搖籃到大門,2014/01/01～2014/12/31
"金牌台灣啤酒(600ml，紙箱12瓶裝)",9.48E+0,kgCO₂e,1,箱,搖籃到大門,2014/01/01～2014/12/31
"筆記型電腦(11.6吋)",8.10E+1,kgCO₂e,1,台,搖籃到大門,2015/01/01～2015/03/31
"沐浴乳",1.80E+0,kgCO₂e,1,公升(L),搖籃到大門,2015/03/01～2015/04/30
"沐浴乳(15ml，鋁箔包裝)",5.71E-2,kgCO₂e,1,包,搖籃到大門,2015/03/01～2015/04/30
"沐浴乳(30ml，軟管包裝)",1.15E-1,kgCO₂e,1,罐,搖籃到大門,2015/03/01～2015/04/30
"沐浴乳(30ml，瓶裝包裝)",1.15E-1,kgCO₂e,1,罐,搖籃到大門,2015/03/01～2015/04/30
"苯胺",5.19E+0,kgCO₂e,1,公斤(kg),搖籃到大門,～
"1馬力磁力驅動無軸封泵浦(不含馬達)",7.80E+1,kgCO₂e,1,台,搖籃到大門,2012/02/01～2012/05/31
"3馬力磁力驅動無軸封泵浦(不含馬達)",9.48E+1,kgCO₂e,1,台,搖籃到大門,2012/02/01～2012/05/31
"硝酸銨鈣(肥料用)",1.80E+0,kgCO₂e,1,公斤(kg),搖籃到大門,～
"丙三醇",2.16E+0,kgCO₂e,1,公斤(kg),搖籃到大門,～
"乙二醇丁醚",1.91E+0,kgCO₂e,1,公斤(kg),搖籃到大門,～
"丙烯醯胺",2.32E+0,kgCO₂e,1,公斤(kg),搖籃到大門,～
"氬氣",3.00E-1,kgCO₂e,1,公斤(kg),搖籃到大門,～
"硝酸鈉(非肥料用)",3.22E+0,kgCO₂e,1,公斤(kg),搖籃到大門,～
"木漿(針葉樹化學木漿-半漂白或已漂白)",9.30E-1,kgCO₂e,1,公斤(kg),搖籃到大門,～
"乙二胺",6.18E+0,kgCO₂e,1,公斤(kg),搖籃到大門,～
"鉛(精鍊，未鍛造)",1.70E+0,kgCO₂e,1,公斤(kg),搖籃到大門,～
"電解銅(陰極及陰極型精鍊銅-未經塑性加工)",3.87E+0,kgCO₂e,1,公斤(kg),搖籃到大門,～
"氯化鈉",4.40E-1,kgCO₂e,1,公斤(kg),搖籃到大門,～
"碳酸鈉",1.90E+0,kgCO₂e,1,公斤(kg),搖籃到大門,～
"氯苯",3.87E+0,kgCO₂e,1,公斤(kg),搖籃到大門,～
"鎂錠",2.87E+1,kgCO₂e,1,公斤(kg),搖籃到大門,～
"微藻素火腿",2.49E+0,kgCO₂e,1,條,搖籃到墳墓,2014/07/01～2015/06/30
"猴頭菇素火腿",2.43E+0,kgCO₂e,1,條,搖籃到墳墓,2014/07/01～2015/06/30
"煙燻素火腿",2.59E+0,kgCO₂e,1,條,搖籃到墳墓,2014/07/01～2015/06/30
"素火腿",2.37E+0,kgCO₂e,1,條,搖籃到墳墓,2014/07/01～2015/06/30
"芝麻粉",2.58E+0,kgCO₂e,1,罐,搖籃到墳墓,2014/07/01～2015/06/30
"清麻油(300ml)",1.38E+0,kgCO₂e,1,瓶,搖籃到墳墓,2014/07/01～2015/06/30
"清麻油(500ml)",2.54E+0,kgCO₂e,1,瓶,搖籃到墳墓,2014/07/01～2015/06/30
"黑麻油(300ml)",1.38E+0,kgCO₂e,1,瓶,搖籃到墳墓,2014/07/01～2015/06/30
"黑麻油(500ml)",2.53E+0,kgCO₂e,1,瓶,搖籃到墳墓,2014/07/01～2015/06/30
"苯",1.82E+0,kgCO₂e,1,公斤(kg),搖籃到大門,2012/01/01～2012/12/31
"對二甲苯/鄰二甲苯",1.81E+0,KgCO2e,1,公斤(kg),搖籃到大門,2012/01/01～2012/12/31
"氯乙烯單體",2.89E+0,KgCO2e,1,公斤(kg),搖籃到大門,2013/01/01～2013/12/31
"通用級聚苯乙烯(GPPS)",1.97E+0,kgCO₂e,1,公斤(kg),搖籃到大門,2013/01/01～2013/12/31
"耐衝擊聚苯乙烯(HIPS)",2.72E+0,kgCO₂e,1,公斤(kg),搖籃到大門,2012/01/01～2012/12/31
"線性低密度聚乙烯(LLDPE)",2.01E+0,kgCO₂e,1,公斤(kg),搖籃到大門,2012/01/01～2012/12/31
"丙烯腈",3.37E+0,kgCO₂e,1,公斤(kg),搖籃到大門,2014/01/01～2014/12/31
"聚酯棉",4.17E+0,kgCO₂e,1,公斤(kg),搖籃到大門,2011/01/01～2011/12/31
"聚酯粒",3.74E+0,kgCO₂e,1,公斤(kg),搖籃到大門,2011/01/01～2011/12/31
"聚丙烯腈棉",4.76E+0,kgCO₂e,1,公斤(kg),搖籃到大門,2012/01/01～2012/12/31
"醇酸樹脂",3.18E+0,kgCO₂e,1,公斤(kg),搖籃到大門,2014/01/01～2014/12/31
"聚醯胺接著劑",3.61E+0,kgCO₂e,1,公斤(kg),搖籃到大門,2014/01/01～2014/12/31
"水性水泥漆",1.33E+0,kgCO₂e,1,公斤(kg),搖籃到大門,2014/01/01～2014/12/31
"平板玻璃",1.12E+0,kgCO₂e,1,公斤(kg),搖籃到大門,2014/01/01～2014/12/31
"電力碳足跡(2014)",6.50E-1,kgCO₂e,1,度(kwh),搖籃到大門,2014/01/01～2014/12/31
"燃料油使用(蒸餘油/重油使用，2014)",4.00E+0,kgCO₂e,1,公升(L),搖籃到大門,2014/01/01～2014/12/31
"柴油(未燃燒，2014)",7.50E-1,kgCO₂e,1,公升(L),搖籃到大門,2014/01/01～2014/12/31
"柴油(於固定源使用，2014)",3.45E+0,kgCO₂e,1,公升(L),搖籃到大門,2014/01/01～2014/12/31
"柴油(於移動源使用，2014)",3.48E+0,kgCO₂e,1,公升(L),搖籃到大門,2014/01/01～2014/12/31
"車用汽油(未燃燒，2014)",6.70E-1,kgCO₂e,1,公升(L),搖籃到大門,2014/01/01～2014/12/31
"車用汽油(於固定源使用，2014)",3.02E+0,kgCO₂e,1,公升(L),搖籃到大門,2014/01/01～2014/12/31
"車用汽油(於移動源使用，2014)",3.10E+0,kgCO₂e,1,公升(L),搖籃到大門,2014/01/01～2014/12/31
"天然氣(於固定源使用，2014)",2.61E+0,kgCO₂e,1,立方公尺(m3),搖籃到大門,2014/01/01～2014/12/31
"液化石油氣(於固定源使用，2014)",2.26E+0,kgCO₂e,1,公升(L),搖籃到大門,2014/01/01～2014/12/31
"煤油使用(2014)",3.02E+0,kgCO₂e,1,公升(L),搖籃到大門,2014/01/01～2014/12/31
"筆記型電腦照相機模组",4.10E-1,kgCO₂e,1,個,搖籃到大門,2015/01/01～2015/03/31
"筆記型電腦鍵盤",8.90E-1,kgCO₂e,1,個,搖籃到大門,2015/01/01～2015/03/31
"筆記型電腦觸控板",3.06E+0,kgCO₂e,1,片,搖籃到大門,2014/09/01～2015/03/31
"螺絲(不含球化、表面皮膜處理與電鍍)",3.37E+0,kgCO₂e,1,公斤(kg),搖籃到大門,2014/01/01～2014/12/31
"螺絲(含球化與表面皮膜處理及電鍍)",3.41E+0,kgCO₂e,1,公斤(kg),搖籃到大門,2014/01/01～2014/12/31
"不銹鋼焊接管",1.75E+0,kgCO₂e,1,公斤(kg),搖籃到大門,2014/01/01～2014/12/31
"液氯",1.39E+0,kgCO₂e,1,公斤(kg),搖籃到大門,2012/01/01～2012/12/31
"氫氧化鉀",1.47E+0,kgCO₂e,1,公斤(kg),搖籃到大門,2012/01/01～2012/12/31
"二甲醚",2.28E+0,kgCO₂e,1,公斤(kg),搖籃到大門,2012/01/01～2012/12/31
"硝酸，98％",1.37E+0,kgCO₂e,1,公斤(kg),搖籃到大門,2014/01/01～2014/12/31
"丙酮",1.82E+0,kgCO₂e,1,公斤(kg),搖籃到大門,2014/01/01～2014/12/31
"冰醋酸(甲醇羰基化法)",1.44E+0,kgCO₂e,1,公斤(kg),搖籃到大門,2014/01/01～2014/12/31
"冰醋酸(醋酸甲酯與甲醇共沸物羰基合成法)",2.05E+0,kgCO₂e,1,公斤(kg),搖籃到大門,2014/01/01～2014/12/31
"尿素甲醛樹脂(65％固形物)",1.62E+0,kgCO₂e,1,公斤(kg),搖籃到大門,2005/01/01～2005/01/01
"污泥掩埋處理服務",3.00E-1,kgCO₂e,1,公斤(kg),搖籃到大門,2012/01/01～2012/12/31
"食用玉蜀黍",2.90E-1,kgCO₂e,1,公斤(kg),搖籃到大門,1998/01/01～2001/01/01
"石灰石",5.35E-3,kgCO₂e,1,公斤(kg),搖籃到大門,1992/01/01～2002/01/01
"國內海運貨物運輸服務(柴油動力)",3.34E-2,kgCO₂e,1,延噸公里(tkm),搖籃到大門,2001/01/01～2001/01/01
"國內海運貨物運輸服務(燃料油動力)",3.54E-2,kgCO₂e,1,延噸公里(tkm),搖籃到大門,2001/01/01～2001/01/01
"國際海運貨物運輸服務(燃料油動力)",1.98E-2,kgCO₂e,1,延噸公里(tkm),搖籃到大門,2001/01/01～2001/01/01
"蔗糖",3.70E-1,kgCO₂e,1,公斤(kg),搖籃到大門,2012/01/01～2012/12/31
"糖蜜",3.20E-1,kgCO₂e,1,公斤(kg),搖籃到大門,2012/01/01～2012/12/31
"混凝土及水泥砂漿用水淬高爐爐碴粉(散裝)",5.04E+1,kgCO₂e,1,公噸(mt),搖籃到大門,2013/01/01～2013/12/31
"混凝土及水泥砂漿用水淬高爐爐碴粉(太空包裝)",5.47E+1,kgCO₂e,1,公噸(mt),搖籃到大門,2013/01/01～2013/12/31
"飛灰爐石粉(散裝)",4.82E+1,kgCO₂e,1,公噸(mt),搖籃到大門,2013/01/01～2013/12/31
"飛灰爐石粉(太空包裝)",5.25E+1,kgCO₂e,1,公噸(mt),搖籃到大門,2013/01/01～2013/12/31
"卜特蘭高爐爐碴水泥(散裝)",5.13E+2,kgCO₂e,1,公噸(mt),搖籃到大門,2013/01/01～2013/12/31
"卜特蘭高爐爐碴水泥(太空包裝)",5.17E+2,kgCO₂e,1,公噸(mt),搖籃到大門,2013/01/01～2013/12/31
"新型高爐水泥(50kg，紙袋裝)",2.30E+1,kgCO₂e,1,包,搖籃到大門,2013/01/01～2013/12/31
"地質改良處理劑(散裝)",3.14E+2,kgCO₂e,1,公噸(mt),搖籃到大門,2013/01/01～2013/12/31
"地質改良處理劑(太空包裝)",3.18E+2,kgCO₂e,1,公噸(mt),搖籃到大門,2013/01/01～2013/12/31
"地質改良處理劑(50kg，紙袋裝)",1.59E+1,kgCO₂e,1,包,搖籃到大門,2013/01/01～2013/12/31
"瀝青鋪面用粒料(散裝)",4.72E+0,kgCO₂e,1,公噸(mt),搖籃到大門,2013/01/01～2013/12/31
"筆記型電腦包裝紙箱(三層一浪)",5.30E-1,kgCO₂e,1,個,搖籃到大門,2015/01/01～2015/03/31
"筆記型電腦包裝紙箱(三層一浪)",2.05E-3,kgCO₂e,1,公克(g),搖籃到大門,2015/01/01～2015/03/31
"筆記型電腦電源線(含插頭端)",6.80E-1,kgCO₂e,1,條,搖籃到大門,2014/01/01～2014/12/31
"食品包裝紙容器",8.24E+0,kgCO₂e,1,公斤(kg),搖籃到大門,2009/01/01～2009/12/31
"食品包裝紙容器",9.65E-2,kgCO₂e,1,平方公尺(m2),搖籃到大門,2009/01/01～2009/12/31
"石英晶體振盪器(AW系列)",6.00E-2,kgCO₂e,1,顆,搖籃到大門,2014/01/01～2014/12/31
"氣冷轉爐石級配料(散裝)",1.58E+0,kgCO₂e,1,公噸(mt),搖籃到大門,2013/01/01～2013/12/31
"氣冷高爐石級配料(散裝)",1.69E+0,kgCO₂e,1,公噸(mt),搖籃到大門,2013/01/01～2013/12/31
"大豆沙拉油(0.6L)",8.95E-1,kgCO₂e,1,瓶,搖籃到墳墓,2013/01/01～2013/12/31
"大豆沙拉油(2L)",3.07E+0,kgCO₂e,1,瓶,搖籃到墳墓,2013/01/01～2013/12/31
"大豆沙拉油(2.6L)",3.87E+0,kgCO₂e,1,瓶,搖籃到墳墓,2013/01/01～2013/12/31
"大豆沙拉油(3L)",4.45E+0,kgCO₂e,1,瓶,搖籃到墳墓,2013/01/01～2013/12/31
"大豆沙拉油(18L)",2.77E+1,kgCO₂e,1,桶,搖籃到墳墓,2013/01/01～2013/12/31
"大豆沙拉油(18kg)",3.04E+1,kgCO₂e,1,桶,搖籃到墳墓,2013/01/01～2013/12/31
"烤酥油(2L)",3.07E+0,kgCO₂e,1,瓶,搖籃到墳墓,2013/01/01～2013/12/31
"烤酥油(3L)",4.42E+0,kgCO₂e,1,瓶,搖籃到墳墓,2013/01/01～2013/12/31
"烤酥油(18L)",2.75E+1,kgCO₂e,1,桶,搖籃到墳墓,2013/01/01～2013/12/31
"烤酥油(18kg)",3.05E+1,kgCO₂e,1,桶,搖籃到墳墓,2013/01/01～2013/12/31
"電力碳足跡(2013)",6.60E-1,kgCO₂e,1,度(kwh),搖籃至大門,2013/01/01～2013/12/31
"燃料油使用(蒸餘油/重油使用，2013)",4.02E+0,kgCO₂e,1,公升(L),搖籃至大門,2013/01/01～2013/12/31
"柴油(未燃燒，2013)",7.60E-1,kgCO₂e,1,公升(L),搖籃至大門,2013/01/01～2013/12/31
"柴油(於固定源使用，2013)",3.46E+0,kgCO₂e,1,公升(L),搖籃至大門,2013/01/01～2013/12/31
"柴油(於移動源使用，2013)",3.49E+0,kgCO₂e,1,公升(L),搖籃至大門,2013/01/01～2013/12/31
"車用汽油(未燃燒，2013)",6.90E-1,kgCO₂e,1,公升(L),搖籃到大門,2013/01/01～2013/12/31
"車用汽油(於固定源使用，2013)",3.03E+0,kgCO₂e,1,公升(L),搖籃至大門,2013/01/01～2013/12/31
"車用汽油(於移動源使用，2013)",3.12E+0,kgCO₂e,1,公升(L),搖籃到大門,2013/01/01～2013/12/31
"天然氣(於固定源使用，2013)",2.59E+0,kgCO₂e,1,立方公尺(m3),搖籃到大門,2013/01/01～2013/12/31
"液化石油氣(於固定源使用，2013)",2.34E+0,kgCO₂e,1,公升(L),搖籃到大門,2013/01/01～2013/12/31
"丙烯腈-丁二烯橡膠",2.74E+0,kgCO₂e,1,公斤(kg),搖籃到大門,2013/01/01～2013/12/31
"聚丁二烯橡膠",2.99E+0,kgCO₂e,1,公斤(kg),搖籃至大門,2013/01/01～2013/12/31
"熱可塑性橡膠",3.60E+0,kgCO₂e,1,公斤(kg),搖籃至大門,2013/01/01～2013/12/31
"聚氨基甲酸乙酯樹脂",3.17E+0,kgCO₂e,1,公斤(kg),搖籃至大門,2013/01/01～2013/12/31
"聚氨基甲酸脂合成皮(濕式法)",8.30E+0,kgCO₂e,1,公斤(kg),搖籃至大門,2013/01/01～2013/12/31
"聚氨基甲酸脂合成皮(乾式法)",8.70E+0,kgCO₂e,1,公斤(kg),搖籃至大門,2013/01/01～2013/12/31
"高密度聚乙烯(HDPE)",2.25E+0,kgCO₂e,1,公斤(kg),搖籃至大門,2013/01/01～2013/12/31
"發泡聚苯乙烯",1.96E+0,kgCO₂e,1,公斤(kg),搖籃至大門,2013/01/01～2013/12/31
"甲基丙烯酸甲酯",3.93E+0,kgCO₂e,1,公斤(kg),搖籃至大門,2012/01/01～2012/12/31
"乙烯",1.75E+0,kgCO₂e,1,公斤(kg),搖籃到大門,2013/01/01～2013/12/31
"乙烯",1.88E+0,kgCO₂e,1,公斤(kg),搖籃到大門,2012/07/01～2012/12/31
"丙烯",1.75E+0,kgCO₂e,1,公斤(kg),搖籃到大門,2013/01/01～2013/12/31
"丙烯",1.88E+0,kgCO₂e,1,公斤(kg),搖籃到大門,2012/07/01～2012/12/31
"丁二烯",1.75E+0,kgCO₂e,1,公斤(kg),搖籃到大門,2013/01/01～2013/12/31
"丁二烯",1.88E+0,kgCO₂e,1,公斤(kg),搖籃到大門,2012/07/01～2012/12/31
"乙炔",6.08E+0,kgCO₂e,1,公斤(kg),搖籃至大門,2013/01/01～2013/12/31
"氫氣",6.97E+0,kgCO₂e,1,公斤(kg),搖籃至大門,2013/01/01～2013/12/31
"氧氣",1.60E-1,kgCO₂e,1,公斤(kg),搖籃至大門,2013/01/01～2013/12/31
"液氧",3.90E-1,kgCO₂e,1,公斤(kg),搖籃至大門,2013/01/01～2013/12/31
"碳黑",1.50E+0,kgCO₂e,1,公斤(kg),搖籃到大門,2013/01/01～2013/12/31
"氨水",1.61E+0,kgCO₂e,1,公斤(kg),搖籃至大門,2013/01/01～2013/12/31
"馬鈴薯",1.10E-1,kgCO₂e,1,公斤(kg),搖籃至大門,1997/01/01～2001/01/01
"小麥粉",7.20E-1,kgCO₂e,1,公斤(kg),搖籃至大門,2012/01/01～2012/12/31
"再生料-廢鉛蓄電池-ABS塑膠",1.20E-1,kgCO₂e,1,公斤(kg),大門至大門,2013/01/01～2013/12/31
"再生料-廢鉛蓄電池-PP塑膠",1.50E-1,kgCO₂e,1,公斤(kg),大門至大門,2013/01/01～2013/12/31
"再生料-廢鉛蓄電池-鉛錠",7.60E-1,kgCO₂e,1,公斤(kg),大門至大門,2013/01/01～2013/12/31
"再生料-廢輪胎-橡膠片",6.00E-2,kgCO₂e,1,公斤(kg),大門至大門,2013/01/01～2013/12/31
"再生料-廢輪胎-橡膠粉",1.30E-1,kgCO₂e,1,公斤(kg),大門至大門,2013/01/01～2013/12/31
"再生料-廢乾電池-二氧化錳",3.10E-1,kgCO₂e,1,公斤(kg),大門到大門,2013/09/01～2014/06/30
"再生料-廢乾電池-鋅",1.60E-1,kgCO₂e,1,公斤(kg),大門到大門,2013/09/01～2014/06/30
"再生料-廢乾電池-鐵",2.20E-1,kgCO₂e,1,公斤(kg),大門到大門,2013/09/01～2014/06/30
"再生料-廢照明光源-混合五金廢料",3.00E-1,kgCO₂e,1,公斤(kg),大門到大門,2013/01/01～2013/12/31
"再生料-廢照明光源-蒸餾汞",1.64E+3,kgCO₂e,1,公斤(kg),大門到大門,2013/01/01～2013/12/31
"再生料-廢照明光源-廢玻璃",3.00E-1,kgCO₂e,1,公斤(kg),大門到大門,2013/01/01～2013/12/31
"再生料-廢照明光源-廢塑膠",3.30E-1,kgCO₂e,1,公斤(kg),大門到大門,2013/01/01～2013/12/31
"再生料-廢照明光源-廢鋁",3.00E-1,kgCO₂e,1,公斤(kg),大門到大門,2013/01/01～2013/12/31
"再生料-廢照明光源-廢鐵",3.00E-1,kgCO₂e,1,公斤(kg),大門到大門,2013/01/01～2013/12/31
"再生料-廢容器-PE廢塑膠片",2.00E-1,kgCO₂e,1,公斤(kg),大門到大門,2011/01/01～2011/12/31
"再生料-廢容器-PET廢塑膠片",3.50E-1,kgCO₂e,1,公斤(kg),大門到大門,2011/01/01～2011/12/31
"再生料-廢容器-PP廢塑膠片",3.20E-1,kgCO₂e,1,公斤(kg),大門到大門,2013/01/01～2013/12/31
"再生料-廢容器-PVC廢塑膠片",2.20E-1,kgCO₂e,1,公斤(kg),大門到大門,2012/01/01～2012/12/31
"再生料-廢容器-未發泡PS廢塑膠片",2.00E-1,kgCO₂e,1,公斤(kg),大門到大門,2012/01/01～2012/12/31
"再生料-廢玻璃容器-玻璃砂",1.10E-1,kgCO₂e,1,公斤(kg),大門到大門,2013/01/01～2013/12/31
"再生料-廢紙容器-脫墨紙漿",3.20E-1,kgCO₂e,1,公斤(kg),大門到大門,2013/01/01～2013/12/31
"再生料-廢塑膠容器-發泡PS廢塑膠粒",5.30E-1,kgCO₂e,1,公斤(kg),大門到大門,2013/01/01～2013/12/31
"再生料-廢鋁容器-鋁錠",1.19E+0,kgCO₂e,1,公斤(kg),大門到大門,2013/01/01～2013/12/31
"再生料-廢鐵容器-碎鐵",2.50E-1,kgCO₂e,1,公斤(kg),大門到大門,2011/01/01～2011/12/31
"再生料-廢容器-PE廢塑膠片（含容器廢棄階段）",2.20E-1,kgCO₂e,1,公斤(kg),大門到大門,2011/01/01～2011/12/31
"再生料-廢容器-PET廢塑膠片（含容器廢棄階段）",3.90E-1,kgCO₂e,1,公斤(kg),大門到大門,2011/01/01～2011/12/31
"再生料-廢容器-PP廢塑膠片（含容器廢棄階段）",3.50E-1,kgCO₂e,1,公斤(kg),大門到大門,2013/01/01～2013/12/31
"再生料-廢容器-PVC廢塑膠片（含容器廢棄階段）",2.40E-1,kgCO₂e,1,公斤(kg),大門到大門,2012/01/01～2012/12/31
"再生料-廢容器-未發泡PS廢塑膠片（含容器廢棄階段）",2.20E-1,kgCO₂e,1,公斤(kg),大門到大門,2012/01/01～2012/12/31
"再生料-廢玻璃容器-玻璃砂（含容器廢棄階段）",1.20E-1,kgCO₂e,1,公斤(kg),大門到大門,2013/01/01～2013/12/31
"再生料-廢紙容器-脫墨紙漿（含容器廢棄階段）",3.60E-1,kgCO₂e,1,公斤(kg),大門到大門,2013/01/01～2013/12/31
"再生料-廢塑膠容器-發泡PS廢塑膠粒（含容器廢棄階段）",6.60E-1,kgCO₂e,1,公斤(kg),大門到大門,2013/01/01～2013/12/31
"再生料-廢鋁容器-鋁錠（含容器廢棄階段）",1.23E+0,kgCO₂e,1,公斤(kg),大門到大門,2013/01/01～2013/12/31
"再生料-廢鐵容器-碎鐵（含容器廢棄階段）",2.60E-1,kgCO₂e,1,公斤(kg),大門到大門,2011/01/01～2011/12/31
"尿素",1.65E+0,kgCO₂e,1,公斤(kg),搖籃到大門,2013/01/01～2013/12/31
"馬口鐵",2.43E+0,kgCO₂e,1,公斤(kg),搖籃到大門,2013/01/01～2013/12/31
"硝酸銨",1.76E+0,kgCO₂e,1,公斤(kg),搖籃到大門,2013/01/01～2013/12/31
"瓦楞芯紙(原紙)",7.20E-1,kgCO₂e,1,公斤(kg),搖籃到大門,2013/01/01～2013/12/31
"中密度纖維板",1.12E+0,kgCO₂e,1,公斤(kg),搖籃到大門,2013/01/01～2013/12/31
"次氯酸鈉(工業用)",5.10E-1,kgCO₂e,1,公斤(kg),搖籃至大門,～
"亞硫酸鈉",1.08E+0,kgCO₂e,1,公斤(kg),搖籃至大門,～
"硫代硫酸鈉(結晶、無水)",4.99E+0,kgCO₂e,1,公斤(kg),搖籃至大門,～
"氯化鉀(肥料用)",6.10E-1,kgCO₂e,1,公斤(kg),搖籃至大門,～
"氯化鉀(非肥料用)",2.10E-1,kgCO₂e,1,公斤(kg),搖籃到大門,～
"聚酯纖維棉(已精梳，供紡織用)",4.52E+0,kgCO₂e,1,公斤(kg),搖籃至大門,～
"聚醯胺66(尼龍66)",7.21E+0,kgCO₂e,1,公斤(kg),搖籃至大門,～
"石膏",3.50E-1,kgCO₂e,1,公斤(kg),搖籃至大門,～
"生石灰",1.25E+0,kgCO₂e,1,公斤(kg),搖籃至大門,～
"活性沸石",3.47E+0,kgCO₂e,1,公斤(kg),搖籃至大門,～
"矽藻土",1.02E+0,kgCO₂e,1,公斤(kg),搖籃至大門,～
"七星鱸",4.87E+0,kgCO₂e,1,公斤(kg),搖籃到大門,2012/07/15～2014/07/14
"芝麻油",6.15E+2,gCO₂e,1,公斤(kg),搖籃到大門,2013/01/01～2013/12/31
"醬油(高蛋白豆片釀造)",8.50E+2,gCO₂e,1,公斤(kg),搖籃到大門,2013/01/01～2013/12/31
"醬油(黃豆釀造)",1.68E+0,kgCO₂e,1,公斤(kg),搖籃到大門,2013/09/01～2014/08/31
"醬油(黑豆釀造)",2.22E+0,kgCO₂e,1,公斤(kg),搖籃到大門,2013/09/01～2014/08/31
"養殖文蛤",4.87E+0,kgCO₂e,1,公斤(kg),搖籃到墳墓,2014/01/01～2014/12/31
"養殖冷凍白蝦",9.37E+0,kgCO₂e,1,公斤(kg),搖籃到墳墓,2014/01/01～2014/12/31
"鮮蛋",2.80E-1,kgCO₂e,1,顆,搖籃到墳墓,2014/01/01～2014/12/31
"石質地磚",4.50E+0,kgCO₂e,1,公斤(kg),搖籃到墳墓,2010/11/01～2011/10/31
"插電感應式水龍頭(H-4100LR)",1.70E+1,kgCO₂e,1,公斤(kg),搖籃到墳墓,2013/06/01～2014/05/31
"電池感應式水龍頭(HB-4100LR)",1.94E+1,kgCO₂e,1,公斤(kg),搖籃到墳墓,2013/06/01～2014/05/31
"摃丸",1.72E+0,kgCO₂e,1,公斤(kg),搖籃到墳墓,2011/01/01～2011/12/31
"炊粉",5.70E-1,kgCO₂e,1,公斤(kg),搖籃到墳墓,2012/05/01～2012/07/31
"不鏽鋼廚用雙層置物架(3230S)",1.03E+1,kgCO₂e,1,公斤(kg),搖籃到墳墓,2013/01/01～2013/12/31
"不鏽鋼掛式砧板刀架(6554S)",5.23E+0,kgCO₂e,1,公斤(kg),搖籃到墳墓,2013/01/01～2013/12/31
"不鏽鋼牆角架(9020S，大)",3.33E+0,kgCO₂e,1,公斤(kg),搖籃到墳墓,2013/01/01～2013/12/31
"不鏽鋼雙層牆角架(9022HS)",6.48E+0,kgCO₂e,1,公斤(kg),搖籃到墳墓,2013/01/01～2013/12/31
"不鏽鋼雙層牆角架含底座(9239S)",7.47E+0,kgCO₂e,1,公斤(kg),搖籃到墳墓,2013/01/01～2013/12/31
"不鏽鋼雙層牆角架(5326S)",5.76E+0,kgCO₂e,1,公斤(kg),搖籃到墳墓,2013/01/01～2013/12/31
"不鏽鋼置物毛巾架(9322S，雙管)",1.02E+1,kgCO₂e,1,公斤(kg),搖籃到墳墓,2013/01/01～2013/12/31
"不鏽鋼置物毛巾架(9310S，單管)",7.53E+0,kgCO₂e,1,公斤(kg),搖籃到墳墓,2013/01/01～2013/12/31
"不鏽鋼衛生紙架(9307S，抽取式)",2.53E+0,kgCO₂e,1,公斤(kg),搖籃到墳墓,2013/01/01～2013/12/31
"不鏽鋼三層牆角架(5327S)",7.87E+0,kgCO₂e,1,公斤(kg),搖籃到墳墓,2013/01/01～2013/12/31
"高速鐵路運輸服務",3.80E-2,kgCO₂e,1,延人公里(pkm),搖籃到墳墓,2013/01/01～2013/12/31
"LED路燈(70W)",6.50E+2,kgCO₂e,1,個,搖籃到墳墓,2012/05/01～2013/04/30
"碳鋼鋼胚(電弧爐製程)",5.30E-1,kgCO₂e,1,公斤(kg),搖籃到大門,2013/01/01～2013/12/31
"鋼筋",6.60E-1,kgCO₂e,1,公斤(kg),搖籃到大門,2013/01/01～2013/12/31
"乙烯-乙烯醇共聚物",6.19E+0,kgCO₂e,1,公斤(kg),搖籃至大門,2013/01/01～2013/12/31
"聚甲基丙烯酸甲酯",4.19E+0,kgCO₂e,1,公斤(kg),搖籃到大門,2013/01/01～2013/12/31
"酚醛樹脂",2.50E+0,kgCO₂e,1,公斤(kg),搖籃至大門,2013/01/01～2013/12/31
"硫酸銨",1.68E+0,kgCO₂e,1,公斤(kg),搖籃至大門,2013/01/01～2013/12/31
"多元氯化鋁(氧化還原置換法)",3.00E-2,kgCO₂e,1,公斤(kg),大門至大門,2013/01/01～2013/12/31
"多元氯化鋁(鋁灰鹽酸法)",5.00E-1,kgCO₂e,1,公斤(kg),搖籃至大門,2013/01/01～2013/12/31
"鹽酸，32％(電子級)",6.80E-1,kgCO₂e,1,公斤(kg),搖籃到大門,2013/01/01～2013/12/31
"發煙硫酸",2.20E-1,kgCO₂e,1,公斤(kg),搖籃到大門,2013/01/01～2013/12/31
"醋酸乙烯單體",3.31E+0,kgCO₂e,1,公斤(kg),搖籃到大門,2013/01/01～2013/12/31
"聚醯胺絲",8.81E+0,kgCO₂e,1,公斤(kg),搖籃至大門,2013/01/01～2013/12/31
"聚醯胺粒",7.10E+0,kgCO₂e,1,公斤(kg),搖籃至大門,2013/01/01～2013/12/31
"聚酯加工絲",5.04E+0,kgCO₂e,1,公斤(kg),搖籃至大門,2013/01/01～2013/12/31
"聚酯半延伸絲",4.14E+0,kgCO₂e,1,公斤(kg),搖籃至大門,2013/01/01～2013/12/31
"石膏板",5.10E-1,kgCO₂e,1,公斤(kg),搖籃至大門,2013/01/01～2013/12/31
"廢溶劑蒸餾回收處理服務",2.10E-1,kgCO₂e,1,公斤(kg),搖籃至大門,2010/01/01～2010/12/31
"有害事業廢棄物穩定化/固化處理服務",2.90E-1,kgCO₂e,1,公斤(kg),搖籃到大門,2010/01/01～2010/12/31
"PVC塑膠管、PVC板",2.40E+0,kgCO₂e,1,公斤(kg),搖籃到大門,2012/01/01～2012/12/31
"預拌混凝土(2000psi)",2.55E+2,kgCO₂e,1,立方公尺(m3),搖籃到大門,2012/01/01～2012/12/31
"預拌混凝土(2500psi)",3.01E+2,kgCO₂e,1,立方公尺(m3),搖籃到大門,2012/01/01～2012/12/31
"預拌混凝土(3000psi)",3.47E+2,kgCO₂e,1,立方公尺(m3),搖籃到大門,2012/01/01～2012/12/31
"預拌混凝土(3500psi)",3.70E+2,kgCO₂e,1,立方公尺(m3),搖籃到大門,2012/01/01～2012/12/31
"預拌混凝土(4000psi)",3.93E+2,kgCO₂e,1,立方公尺(m3),搖籃到大門,2012/01/01～2012/12/31
"預拌混凝土(5000psi)",4.64E+2,kgCO₂e,1,立方公尺(m3),搖籃到大門,2012/01/01～2012/12/31
"預拌混凝土(6000psi)",5.33E+2,kgCO₂e,1,立方公尺(m3),搖籃到大門,2012/01/01～2012/12/31
"水泥砂漿(1:1)",9.52E+2,kgCO₂e,1,立方公尺(m3),搖籃到大門,2012/01/01～2012/12/31
"水泥砂漿粉刷(1:1)",2.14E+1,kgCO₂e,1,平方公尺(m2),搖籃到大門,2012/01/01～2012/12/31
"水泥砂漿(1:2)",6.25E+2,kgCO₂e,1,立方公尺(m3),搖籃到大門,2012/01/01～2012/12/31
"水泥砂漿粉刷(1:2)",1.41E+1,kgCO₂e,1,平方公尺(m2),搖籃到大門,2012/01/01～2012/12/31
"水泥砂漿(1:3)",4.37E+2,kgCO₂e,1,立方公尺(m3),搖籃到大門,2012/01/01～2012/12/31
"水泥砂漿粉刷(1:3)",9.83E+0,kgCO₂e,1,平方公尺(m2),搖籃到大門,2012/01/01～2012/12/31
"門窗鋁框",3.30E+0,kgCO₂e,1,公斤(kg),搖籃至大門,2012/01/01～2012/12/31
"門窗鋁框",1.44E+1,kgCO₂e,1,平方公尺(m2),搖籃至大門,2012/01/01～2012/12/31
"臺灣鐵路運輸服務(柴聯車)",7.00E+1,gCO₂e,1,延人公里(pkm),搖籃到墳墓,2007/01/01～2012/12/31
"臺灣鐵路運輸服務(電聯車)",5.40E+1,gCO₂e,1,延人公里(pkm),搖籃到墳墓,2007/01/01～2012/12/31
"再生料-廢電子電器暨廢資訊物品-廢鐵",1.20E-1,kgCO₂e,1,公斤(kg),搖籃至大門,2013/01/01～2014/12/31
"再生料-廢電子電器暨廢資訊物品-廢銅",1.10E-1,kgCO₂e,1,公斤(kg),搖籃至大門,2013/01/01～2014/12/31
"再生料-廢電子電器暨廢資訊物品-廢鋁",1.50E-1,kgCO₂e,1,公斤(kg),搖籃至大門,2013/01/01～2014/12/31
"再生料-廢電子電器暨廢資訊物品-廢塑膠",1.30E-1,kgCO₂e,1,公斤(kg),搖籃至大門,2013/01/01～2014/12/31
"再生料-廢電子電器暨廢資訊物品-廢玻璃",1.20E-1,kgCO₂e,1,公斤(kg),搖籃至大門,2013/01/01～2014/12/31
"再生料-廢電視機暨廢顯示器-錐管玻璃",1.00E-1,kgCO₂e,1,公斤(kg),搖籃至大門,2013/01/01～2014/12/31
"再生料-廢冰箱-廢R11冷媒(活性碳冰水機法)",6.38E+0,kgCO₂e,1,公斤(kg),搖籃至大門,2013/01/01～2014/12/31
"再生料-廢冰箱-廢R11冷媒(液態氮法)",1.60E+1,kgCO₂e,1,公斤(kg),搖籃至大門,2013/01/01～2014/12/31
"再生料-廢冰箱-廢R12冷媒",9.00E-1,kgCO₂e,1,公斤(kg),搖籃至大門,2013/01/01～2014/12/31
"再生料-廢冷暖氣機-廢R22冷媒",4.80E-1,kgCO₂e,1,公斤(kg),搖籃至大門,2013/01/01～2014/12/31
"再生料-廢電子電器暨廢資訊物品-廢潤滑油",1.00E-1,kgCO₂e,1,公斤(kg),搖籃至大門,2013/01/01～2014/12/31
"再生料-廢電子電器暨廢資訊物品-待再處理二次料",1.20E-1,kgCO₂e,1,公斤(kg),搖籃至大門,2013/01/01～2014/12/31
"再生料-廢壓縮機/廢馬達二次拆解-廢鐵",1.50E-1,kgCO₂e,1,公斤(kg),搖籃至大門,2013/01/01～2014/12/31
"再生料-廢壓縮機/廢馬達二次拆解-廢銅",1.40E-1,kgCO₂e,1,公斤(kg),搖籃至大門,2013/01/01～2014/12/31
"再生料-廢壓縮機/廢馬達二次拆解-廢鋁",1.40E-1,kgCO₂e,1,公斤(kg),搖籃至大門,2013/01/01～2014/12/31
"再生鋁錠",7.00E-1,kgCO₂e,1,公斤(kg),大門至大門,2013/01/01～2013/12/31
"住宿服務",2.60E+0,kgCO₂e,1,每坪-每天,搖籃到墳墓,2012/01/01～2012/12/31
"天然氣(於固定源使用，2012)",7.00E-2,kgCO₂e,1,百萬焦耳(MJ),搖籃到大門,2012/01/01～2012/12/31
"闊葉樹漂白硫酸鹽紙漿",3.70E+0,kgCO₂e,1,公斤(kg),搖籃到大門,2012/10/01～2013/03/31
"脫墨紙漿(再生料)",1.46E+0,kgCO₂e,1,公斤(kg),搖籃到大門,2012/10/01～2012/12/31
"再生料-廢機車-碎鐵(鋼)",3.03E-1,kgCO₂e,1,公斤(kg),大門到大門,2012/01/01～2012/12/31
"再生料-廢汽車-碎鐵(鋼)",3.27E-1,kgCO₂e,1,公斤(kg),大門到大門,2012/01/01～2012/12/31
"廢棄物清除處理服務(南部科學工業園區-台南園區)",7.16E+2,kgCO₂e,1,公噸(mt),搖籃到大門,2009/01/01～2009/12/31
"廢棄物掩埋清理服務(南部科學工業園區-台南園區)",7.07E+0,kgCO₂e,1,公噸(mt),搖籃到大門,2009/01/01～2009/12/31
"廢棄物焚化清理服務(南部科學工業園區-台南園區)",7.37E+2,kgCO₂e,1,公噸(mt),搖籃到大門,2009/01/01～2009/12/31
"廢棄物物化清理服務(南部科學工業園區-台南園區)",1.23E+2,kgCO₂e,1,公噸(mt),搖籃到大門,2009/01/01～2009/12/31
"廢棄物固化清理服務(南部科學工業園區-台南園區)",6.49E+2,kgCO₂e,1,公噸(mt),搖籃到大門,2009/01/01～2009/12/31
"國際展覽",0.00E+0,kgCO₂e,1,每平方米‧每小時,搖籃到大門,2011/10/26～2011/10/29
"國際展覽(交通)",0.00E+0,kgCO₂e,1,每人,搖籃到大門,2011/10/26～2011/10/29
"國際會議",3.31E+0,kgCO₂e,1,每人‧每小時,搖籃到大門,2011/10/27～2012/02/17
"國際會議(交通)",0.00E+0,kgCO₂e,1,每人,搖籃到大門,2011/10/27～2012/02/17
"天然氣(於固定源使用，2012)",7.00E-2,kgCO₂e,1,百萬焦耳(MJ),搖籃到大門,2012/01/01～2012/12/31
"液化石油氣(於固定源使用，2012)",2.09E+0,kgCO₂e,1,公升(L),搖籃到大門,2012/01/01～2012/12/31
"液化石油氣(於固定源使用，2012)",8.00E-2,kgCO₂e,1,百萬焦耳(MJ),搖籃到大門,2012/01/01～2012/12/31
"天然氣(於固定源使用，2012)",2.52E+0,kgCO₂e,1,立方公尺(m3),搖籃到大門,2012/01/01～2012/12/31
"碳酸氫鈉",2.13E+0,kgCO₂e,1,公斤(kg),搖籃到大門,2012/01/01～2012/01/01
"燃料油使用(蒸餘油/重油使用，2012)",3.98E+0,kgCO₂e,1,公升(L),搖籃至大門,2012/01/01～2012/12/31
"燃料油使用(蒸餘油/重油使用，2012)",1.00E-1,kgCO₂e,1,百萬焦耳(MJ),搖籃至大門,2012/01/01～2012/12/31
"柴油(未燃燒，2012)",7.40E-1,kgCO₂e,1,公升(L),搖籃至大門,2012/01/01～2012/12/31
"柴油(未燃燒，2012)",2.00E-2,kgCO₂e,1,百萬焦耳(MJ),搖籃至大門,2012/01/01～2012/12/31
"柴油(於固定源使用，2012)",3.42E+0,kgCO₂e,1,公升(L),搖籃至大門,2012/01/01～2012/12/31
"柴油(於固定源使用，2012)",1.00E-1,kgCO₂e,1,百萬焦耳(MJ),搖籃至大門,2012/01/01～2012/12/31
"柴油(於移動源使用，2012)",3.45E+0,kgCO₂e,1,公升(L),搖籃至大門,2012/01/01～2012/12/31
"柴油(於移動源使用，2012)",1.00E-1,kgCO₂e,1,百萬焦耳(MJ),搖籃至大門,2012/01/01～2012/12/31
"車用汽油(未燃燒，2012)",6.50E-1,kgCO₂e,1,公升(L),搖籃到大門,2012/01/01～2012/12/31
"車用汽油(未燃燒，2012)",2.00E-2,kgCO₂e,1,百萬焦耳(MJ),搖籃到大門,2012/01/01～2012/12/31
"車用汽油(於固定源使用，2012)",3.00E+0,kgCO₂e,1,公升(L),搖籃到大門,2012/01/01～2012/12/31
"車用汽油(於固定源使用，2012)",9.00E-2,kgCO₂e,1,百萬焦耳(MJ),搖籃到大門,2012/01/01～2012/12/31
"車用汽油(於移動源使用，2012)",3.10E+0,kgCO₂e,1,公升(L),搖籃到大門,2012/01/01～2012/12/31
"車用汽油(於移動源使用，2012)",1.00E-1,kgCO₂e,1,百萬焦耳(MJ),搖籃至大門,2012/01/01～2012/12/31
"天然氣(於固定源使用，2012)",2.52E+0,kgCO₂e,1,立方公尺(m3),搖籃到大門,2012/01/01～2012/12/31
"自用大客車(柴油)",6.06E-2,kgCO₂e,1,延人公里(pkm),搖籃到大門,2012/01/01～2012/12/31
"自用小客車(汽油)",1.15E-1,kgCO₂e,1,延人公里(pkm),搖籃到大門,2012/01/01～2012/12/31
"營業小客車(汽油)",1.33E-1,kgCO₂e,1,延人公里(pkm),搖籃到大門,2012/01/01～2012/12/31
"機器腳踏車(汽油)",9.51E-2,kgCO₂e,1,延人公里(pkm),搖籃到大門,2012/01/01～2012/12/31
"合成偶氮類有機顏料",5.03E+0,kgCO₂e,1,公斤(kg),搖籃到大門,2013/01/01～2013/12/31
"食用大豆油",1.23E+0,kgCO₂e,1,公斤(kg),搖籃到大門,2012/01/01～2012/12/31
"自用小客車(汽油)",1.15E-1,kgCO₂e,1,延人公里(pkm),搖籃到大門,2012/01/01～2012/12/31
"營業小客車(汽油)",1.33E-1,kgCO₂e,1,延人公里(pkm),搖籃到大門,2012/01/01～2012/12/31
"營業大客車(市區公車及公路客運-柴油)",9.44E-2,kgCO₂e,1,延人公里(pkm),搖籃到大門,2012/01/01～2012/12/31
"水泥熟料",9.50E-1,kgCO₂e,1,公斤(kg),搖籃到大門,2012/01/01～2012/12/31
"卜特蘭水泥(乾式)",9.40E-1,kgCO₂e,1,公斤(kg),搖籃到大門,2012/01/01～2012/12/31
"纖維水泥板/矽酸鈣板",1.12E+0,kgCO₂e,1,公斤(kg),搖籃到大門,2012/01/01～2012/12/31
"陰離子性有機界面活性劑",2.84E+0,kgCO₂e,1,公斤(kg),搖籃到大門,2012/01/01～2012/01/01
"陽離子性有機界面活性劑",2.95E+0,kgCO₂e,1,公斤(kg),搖籃到大門,2012/01/01～2012/01/01
"非離子性有機界面活性劑",2.75E+0,kgCO₂e,1,公斤(kg),搖籃到大門,2012/01/01～2012/01/01
"特製液糖(20公噸)",7.03E+0,kgCO₂e,20,公噸(mt),搖籃到大門,2010/01/01～2010/12/31
"精製二砂(25公斤)",1.47E+1,kgCO₂e,1,包,搖籃到大門,2010/01/01～2010/12/31
"精製細砂(25公斤)",1.55E+1,kgCO₂e,1,包,搖籃到大門,2010/01/01～2010/12/31
"自產二砂(50公斤)",5.80E+1,kgCO₂e,1,包,搖籃到大門,2010/05/01～2011/04/30
"精製特砂(50公斤)",2.96E+1,kgCO₂e,1,包,搖籃到大門,2010/01/01～2010/12/31
"精製特砂太空袋1公噸",6.07E+2,kgCO₂e,1,公噸(mt),搖籃到大門,2010/01/01～2010/12/31
"養殖石斑魚活體",5.83E+3,kgCO₂e,1,公噸(mt),搖籃到墳墓,2013/01/01～2013/12/31
"養殖石斑魚條凍",7.07E+3,kgCO₂e,1,公噸(mt),搖籃到墳墓,2013/01/01～2013/12/31
"養殖吳郭魚冷凍魚片",4.48E+3,kgCO₂e,1,公噸(mt),搖籃到墳墓,2013/05/01～2013/12/31
"盒裝去殼牡蠣",1.10E+3,kgCO₂e,1,公噸(mt),搖籃到大門,2013/05/01～2013/12/31
"廢水處理排放服務(南部科學工業園區管理局-高雄園區)",6.10E-1,kgCO₂e,1,公噸(mt),搖籃到大門,2011/01/01～2011/12/31
"廢水處理排放服務(南部科學工業園區管理局-台南園區)",7.70E-1,kgCO₂e,1,公噸(mt),搖籃到大門,2011/01/01～2011/12/31
"石英晶體振盪器(BB系列)",9.00E-2,kgCO₂e,1,顆,搖籃到大門,2013/01/01～2013/12/31
"石英晶體諧振器車用電子零件(AB系列)",9.00E-2,kgCO₂e,1,顆,搖籃到大門,2012/01/01～2012/12/31
"石英晶體諧振器車用電子零件(AM系列)",9.00E-2,kgCO₂e,1,顆,搖籃到大門,2011/01/01～2011/12/31
"T-12型熱敏CTP版(含顯影劑)",8.39E+0,kgCO₂e,1,平方公尺(m2),搖籃到大門,2012/06/01～2012/08/31
"食用醋(酒粕醋)",6.80E-1,kgCO₂e,1,公斤(kg),搖籃到大門,2012/01/01～2012/12/31
"食用醋(糯米醋)",4.20E-1,kgCO₂e,1,公斤(kg),搖籃到大門,2012/01/01～2012/12/31
"營業遊覽車(柴油)",4.41E-2,kgCO₂e,1,延人公里(pkm),搖籃到大門,2012/01/01～2012/12/31
"自用大貨車(柴油)",2.24E-1,kgCO₂e,1,延噸公里(tkm),搖籃到大門,2012/01/01～2012/12/31
"自用小貨車(汽油)",7.39E-1,kgCO₂e,1,延噸公里(tkm),搖籃到大門,2012/01/01～2012/12/31
"自用小貨車(柴油)",6.93E-1,kgCO₂e,1,延噸公里(tkm),搖籃到大門,2012/01/01～2012/12/31
"營業小貨車(汽油)",6.26E-1,kgCO₂e,1,延噸公里(tkm),搖籃到大門,2012/01/01～2012/12/31
"營業小貨車(柴油)",6.47E-1,kgCO₂e,1,延噸公里(tkm),搖籃到大門,2012/01/01～2012/12/31
"營業大貨車(柴油)",2.35E-1,kgCO₂e,1,延噸公里(tkm),搖籃到大門,2012/01/01～2012/12/31
"重質鋅氧粉",4.83E+0,kgCO₂e,1,公斤(kg),搖籃到大門,2012/01/01～2012/12/31
"輕質鋅氧粉",2.02E+0,kgCO₂e,1,公斤(kg),搖籃到大門,2012/01/01～2012/12/31
"電力碳足跡(2012)",6.90E-1,kgCO₂e,1,度(kwh),搖籃至大門,2012/01/01～2012/12/31
"臺北自來水(2013)",1.70E-1,kgCO₂e,1,立方公尺(m3),搖籃到大門,2012/01/01～2012/12/31
"氫氧化鈣(熟石灰)",1.57E+0,kgCO₂e,1,公斤(kg),搖籃到大門,2012/01/01～2012/12/31
"原生木漿影印紙",4.24E+0,kgCO₂e,1,公斤(kg),搖籃到大門,2012/10/01～2013/03/31
"再生影印紙",3.08E+0,kgCO₂e,1,公斤(kg),搖籃到大門,2012/10/01～2013/03/31
"乙醇胺",1.84E+0,kgCO₂e,1,公斤(kg),搖籃到大門,2013/01/01～2013/12/31
"平面顯示器用玻璃基板",5.86E+0,kgCO₂e,1,公斤(kg),搖籃到大門,2012/01/01～2012/12/31
"合成偶氮類有機顏料",5.03E+0,kgCO₂e,1,公斤(kg),搖籃到大門,2013/01/01～2013/12/31
"玻璃容器",1.02E+0,kgCO₂e,1,公斤(kg),搖籃到大門,2013/01/01～2013/12/31
"玻璃纖維絲",2.76E+0,kgCO₂e,1,公斤(kg),搖籃到大門,2012/01/01～2012/12/31
"聚碳酸酯(非光氣法，一般級)",9.42E+0,kgCO₂e,1,公斤(kg),搖籃到大門,2012/01/01～2012/12/31
"苯乙烯-丁二烯橡膠",2.41E+0,kgCO₂e,1,公斤(kg),搖籃到大門,2012/01/01～2012/12/31
"熱可塑性橡膠",3.76E+0,kgCO₂e,1,公斤(kg),搖籃到大門,2012/01/01～2012/12/31
"三聚氰胺樹脂",3.87E+0,kgCO₂e,1,公斤(kg),搖籃到大門,2012/01/01～2012/12/31
"二氧化鈦(非食品級)",4.28E+0,kgCO₂e,1,公斤(kg),搖籃到大門,2012/01/01～2012/12/31
"氨",1.87E+0,kgCO₂e,1,公斤(kg),搖籃到大門,2012/01/01～2012/01/01
"鹽酸，37％",1.69E+0,kgCO₂e,1,公斤(kg),搖籃到大門,2012/01/01～2012/01/01
"氫氧化鈉，45％",1.54E+0,kgCO₂e,1,公斤(kg),搖籃到大門,2012/01/01～2012/01/01
"甲醇",2.34E+0,kgCO₂e,1,公斤(kg),搖籃到大門,2012/01/01～2012/01/01
"乙醇",2.57E+0,kgCO₂e,1,公斤(kg),搖籃到大門,2012/01/01～2012/01/01
"不飽和聚酯樹脂",4.01E+0,kgCO₂e,1,公斤(kg),搖籃到大門,2012/01/01～2012/01/01
"乙酸乙酯",3.98E+0,kgCO₂e,1,公斤(kg),搖籃到大門,2012/01/01～2012/01/01
"丁腈橡膠",3.47E+0,kgCO₂e,1,公斤(kg),搖籃到大門,2012/01/01～2012/01/01
"聚丁二烯橡膠",2.86E+0,kgCO₂e,1,公斤(kg),搖籃到大門,2012/01/01～2012/01/01
"苯乙烯-丙烯腈共聚合物(一般級)",2.42E+0,kgCO₂e,1,公斤(kg),搖籃到大門,2012/01/01～2012/01/01
"鋅錠",9.18E+0,kgCO₂e,1,公斤(kg),搖籃到大門,2012/01/01～2012/01/01
"多元氯化鋁",3.57E+0,kgCO₂e,1,公斤(kg),搖籃到大門,2012/01/01～2012/01/01
"乙烯丙烯橡膠",2.89E+0,kgCO₂e,1,公斤(kg),搖籃到大門,2012/01/01～2012/01/01
"亞硝酸鹽(工業鹽)",2.01E+0,kgCO₂e,1,公斤(kg),搖籃到大門,2012/01/01～2012/01/01
"醋酸乙烯酯共聚物",2.13E+0,kgCO₂e,1,公斤(kg),搖籃到大門,2011/01/01～2011/12/31
"氫氧化銨",1.24E+0,kgCO₂e,1,公斤(kg),搖籃到大門,2011/01/01～2011/12/31
"過氧化氫，30％",4.67E+0,kgCO₂e,1,公斤(kg),搖籃到大門,2011/01/01～2011/12/31
"台灣自來水(2011)",1.67E-1,kgCO₂e,1,立方公尺(m3),大門到大門,2011/01/01～2011/12/31
"磷酸，85％",4.65E+0,kgCO₂e,1,公斤(kg),搖籃到大門,2010/01/01～2010/12/31
"氫氟酸，48％",3.52E+0,kgCO₂e,1,公斤(kg),搖籃到大門,2011/01/01～2011/12/31
"電力碳足跡(2011)",6.98E-1,kgCO₂e,1,度(kwh),搖籃至大門,2011/01/01～2011/12/31
"電力排放係數(2011)",5.36E-1,kgCO₂e,1,度(kwh),大門到大門,2011/01/01～2011/12/31
"液態氧，99.99995％",1.44E+0,kgCO₂e,1,公斤(kg),搖籃到大門,2009/01/01～2009/12/31
"氮氣(電子級)",1.84E-1,kgCO₂e,1,公斤(kg),搖籃到大門,2009/01/01～2009/12/31
"純銅線",4.39E+0,kgCO₂e,1,公斤(kg),搖籃到大門,2011/01/01～2011/12/31
"銅箔基板(印刷電路板用)",8.18E+0,kgCO₂e,1,公斤(kg),搖籃到大門,2009/01/01～2009/12/31
"無鉛銲錫",7.85E+0,kgCO₂e,1,公斤(kg),搖籃到大門,2011/01/01～2011/12/31
"乙二醇",1.37E+0,kgCO₂e,1,公斤(kg),搖籃到大門,2009/01/01～2009/12/31
"異丙醇",1.50E+0,kgCO₂e,1,公斤(kg),搖籃到大門,2009/01/01～2009/12/31
"甲醛，37％",7.00E-1,kgCO₂e,1,公斤(kg),搖籃到大門,2010/01/01～2010/12/31
"乙醛，40％",1.86E+0,kgCO₂e,1,公斤(kg),搖籃到大門,2010/01/01～2010/12/31
"丁酮",3.15E+0,kgCO₂e,1,公斤(kg),搖籃到大門,2010/01/01～2010/12/31
"二甲苯",2.80E+0,kgCO₂e,1,公斤(kg),搖籃到大門,2010/01/01～2010/12/31
"中低規電磁鋼捲",3.04E+0,kgCO₂e,1,公斤(kg),搖籃到大門,2010/01/01～2010/12/31
"高規電磁鋼捲",3.09E+0,kgCO₂e,1,公斤(kg),搖籃到大門,2010/01/01～2010/12/31
"熱浸鍍鋅鋼捲",2.99E+0,kgCO₂e,1,公斤(kg),搖籃到大門,2010/01/01～2010/12/31
"電鍍鋅鋼捲",3.16E+0,kgCO₂e,1,公斤(kg),搖籃到大門,2010/01/01～2010/12/31
"條鋼盤元",2.63E+0,kgCO₂e,1,公斤(kg),搖籃到大門,2010/01/01～2010/12/31
"線材盤元",2.71E+0,kgCO₂e,1,公斤(kg),搖籃到大門,2010/01/01～2010/12/31
"球化條鋼盤元",2.83E+0,kgCO₂e,1,公斤(kg),搖籃到大門,2010/01/01～2010/12/31
"球化線材盤元",2.91E+0,kgCO₂e,1,公斤(kg),搖籃到大門,2010/01/01～2010/12/31
"直棒鋼",2.70E+0,kgCO₂e,1,公斤(kg),搖籃到大門,2010/01/01～2010/12/31
"馬口鐵(鍍錫低碳鋼板)",2.49E+0,kgCO₂e,1,公斤(kg),搖籃到大門,2011/01/01～2011/12/31
"不鏽鋼(電弧爐製程，SS304)",2.01E+0,kgCO₂e,1,公斤(kg),搖籃到大門,2011/01/01～2011/12/31
"不鏽鋼鋼胚",1.13E+0,kgCO₂e,1,公斤(kg),搖籃到大門,2012/01/01～2012/12/31
"不鏽鋼冷軋鋼捲",1.46E+0,kgCO₂e,1,公斤(kg),搖籃到大門,2012/01/01～2012/12/31
"合金鋼鋼胚",6.80E-1,kgCO₂e,1,公斤(kg),搖籃到大門,2012/01/01～2012/12/31
"金",1.11E+1,kgCO₂e,1,公斤(kg),搖籃到大門,2011/01/01～2011/12/31
"鉑",7.12E+0,kgCO₂e,1,公斤(kg),搖籃到大門,2011/01/01～2011/12/31
"鋁錠",9.85E+0,kgCO₂e,1,公斤(kg),搖籃到大門,2011/01/01～2011/12/31
"陽極磷銅(印刷電路板用)",4.67E+0,kgCO₂e,1,公斤(kg),搖籃到大門,2009/01/01～2009/12/31
"聚丙烯(PP)",2.01E+0,kgCO₂e,1,公斤(kg),搖籃到大門,2011/01/01～2011/12/31
"聚氯乙烯(膠膜，膠布，電線電纜用)",2.21E+0,kgCO₂e,1,公斤(kg),搖籃到大門,2010/01/01～2010/12/31
"低密度聚乙烯(LDPE)",1.90E+0,kgCO₂e,1,公斤(kg),搖籃到大門,2011/01/01～2011/12/31
"聚醯胺6",3.83E+0,kgCO₂e,1,公斤(kg),搖籃到大門,2010/01/01～2010/12/31
"聚甲基丙烯酸甲酯",7.54E+0,kgCO₂e,1,公斤(kg),搖籃到大門,2011/01/01～2011/12/31
"聚對苯二甲酸乙二酯(PET)",2.35E+0,kgCO₂e,1,公斤(kg),搖籃到大門,2010/01/01～2010/12/31
"聚甲醛",1.72E+0,kgCO₂e,1,公斤(kg),搖籃到大門,2011/01/01～2011/12/31
"甲基異丁酮",2.80E+0,kgCO₂e,1,公斤(kg),搖籃到大門,2011/01/01～2011/12/31
"丙烯－丁二烯－苯乙烯聚合物(資訊產品用，防火級)",3.26E+0,kgCO₂e,1,公斤(kg),搖籃到大門,2009/01/01～2009/12/31
"環氧樹脂",3.02E+0,kgCO₂e,1,公斤(kg),搖籃到大門,2010/01/01～2010/12/31
"生鐵",1.81E+0,kgCO₂e,1,公斤(kg),搖籃到大門,2010/01/01～2010/12/31
"扁鋼胚",2.09E+0,kgCO₂e,1,公斤(kg),搖籃到大門,2010/01/01～2010/12/31
"扁鋼胚(電弧爐製程，碳鋼)",4.00E-1,kgCO₂e,1,公斤(kg),搖籃到大門,2011/01/01～2011/12/31
"大鋼胚",2.27E+0,kgCO₂e,1,公斤(kg),搖籃到大門,2010/01/01～2010/12/31
"軋延小鋼胚",2.42E+0,kgCO₂e,1,公斤(kg),搖籃到大門,2010/01/01～2010/12/31
"鋼板",2.42E+0,kgCO₂e,1,公斤(kg),搖籃到大門,2010/01/01～2010/12/31
"熱軋粗鋼捲",2.31E+0,kgCO₂e,1,公斤(kg),搖籃到大門,2010/01/01～2010/12/31
"熱軋鋼捲",2.38E+0,kgCO₂e,1,公斤(kg),搖籃到大門,2010/01/01～2010/12/31
"熱軋酸洗塗油鋼捲",2.40E+0,kgCO₂e,1,公斤(kg),搖籃到大門,2010/01/01～2010/12/31
"熱軋鋼板片",2.39E+0,kgCO₂e,1,公斤(kg),搖籃到大門,2010/01/01～2010/12/31
"冷軋鋼捲",2.94E+0,kgCO₂e,1,公斤(kg),搖籃到大門,2010/01/01～2010/12/31
"冷軋塗漆鋼捲",3.30E+0,kgCO₂e,1,公斤(kg),搖籃到大門,2010/01/01～2010/12/31
"碳鋼冷軋鋼捲",2.50E+0,kgCO₂e,1,公斤(kg),搖籃到大門,2012/01/01～2012/12/31
"矽晶圓(6吋)",4.65E+0,kgCO₂e,1,片,搖籃到大門,2011/01/01～2011/12/31
"牛皮紙",1.08E+0,kgCO₂e,1,公斤(kg),搖籃到大門,2010/01/01～2010/12/31
"抄紙(裱面紙板)",1.16E+0,kgCO₂e,1,公斤(kg),搖籃到大門,2009/01/01～2009/12/31
